name_readable,default_portion,default_portion_in_grams,Calcium_(MG)_per_100G,Carbohydrates_(G)_per_100G,Iron_(MG)_per_100G,Lipid_(G)_per_100G,Magnesium_(MG)_per_100G,Protein_(G)_per_100G,Sodium_(MG)_per_100G,Vitamin_A_(UG)_per_100G,Vitamin_C_(MG)_per_100G,Vitamin_D_(UG)_per_100G,Calcium_(MG)_total,Carbohydrates_(G)_total,Iron_(MG)_total,Lipid_(G)_total,Magnesium_(MG)_total,Protein_(G)_total,Sodium_(MG)_total,Vitamin_A_(UG)_total,Vitamin_C_(MG)_total,Vitamin_D_(UG)_total
"Bread, wholemeal",recipe_1_person,100.0,211.0,49.2,3.36,3.59,27.0,9.43,450.0,0.0,0.0,0.0,211.0,49.2,3.36,3.59,27.0,9.43,450.0,0.0,0.0,0.0
Fruit salad,recipe_1_person,50.0,16.0,9.13,0.75,0.11,11.0,0.43,2.0,2.0,41.2,0.0,8.0,4.565,0.375,0.055,5.5,0.215,1.0,1.0,20.6,0.0
"Chips, french fries",recipe_1_person,32.5,5.0,20.45,0.34,4.25,24.0,1.87,166.0,19.0,12.1,0.0,1.625,6.64625,0.1105,1.38125,7.8,0.60775,53.95,6.175,3.9325,0.0
Pasta,recipe_1_person,17.5,39.0,3.43,0.46,0.21,27.0,1.31,41.0,298.0,11.7,0.0,6.825,0.6002500000000001,0.0805,0.03675,4.725,0.22925,7.175,52.15,2.0475,0.0
Tomato sauce,recipe_1_person,3.5,1.0,0.0,0.56,100.0,0.0,0.0,2.0,0.0,0.0,0.0,0.035,0.0,0.0196,3.5,0.0,0.0,0.07,0.0,0.0,0.0
Mixed vegetables,recipe_1_person,3.5,21.0,0.06,0.06,82.2,2.0,0.85,524.0,758.0,0.0,0.4,0.735,0.0021,0.0021,2.877,0.07,0.02975,18.34,26.53,0.0,0.014
"Greek Yaourt, yahourt, yogourt ou yoghourt",recipe_1_person,5.0,41.0,66.27,1.56,17.5,69.0,7.17,167.0,2.0,0.2,0.0,2.05,3.3134999999999994,0.078,0.875,3.45,0.3585,8.35,0.1,0.01,0.0
Maple syrup (Concentrate),recipe_1_person,1.05,1.0,99.6,0.05,0.32,0.0,0.0,1.0,0.0,0.0,0.0,0.0105,1.0458,0.000525,0.00336,0.0,0.0,0.0105,0.0,0.0,0.0
Chicken,recipe_1_person,21.25,7.0,0.0,0.5,8.28,23.0,24.7,316.0,17.0,0.0,0.1,1.4875,0.0,0.10625,1.7594999999999998,4.8875,5.24875,67.15,3.6125,0.0,0.02125
Mayonnaise,recipe_1_person,15.0,24.0,25.16,0.61,18.01,13.0,1.77,509.0,19.0,0.1,0.3,3.6,3.774,0.0915,2.7015,1.95,0.2655,76.35,2.85,0.015,0.045
"Ham, cooked",recipe_1_person,5.0,7.0,0.49,1.07,8.43,20.0,20.94,1068.0,0.0,0.0,0.7,0.35,0.0245,0.0535,0.4215,1.0,1.047,53.4,0.0,0.0,0.035
"Cucumber, pickled ",recipe_1_person,15.0,16.0,2.95,0.0,0.18,10.0,0.62,2.0,5.0,2.8,0.0,2.4,0.4425,0.0,0.0269999999999999,1.5,0.093,0.3,0.75,0.42,0.0
"Cake, chocolate",recipe_1_person,62.5,61.0,30.3,4.91,53.03,206.0,12.12,295.0,0.0,0.0,0.0,38.125,18.9375,3.06875,33.14375,128.75,7.575,184.375,0.0,0.0,0.0
Potatoes steamed,recipe_1_person,31.25,8.0,16.26,0.38,3.39,23.0,1.99,147.0,0.0,15.1,0.0,2.5,5.081250000000001,0.11875,1.059375,7.1875,0.621875,45.9375,0.0,4.71875,0.0
Herbal tea,,,,,,,,,,,,,,,,,,,,,,
Zucchini,recipe_1_person,4.949999999999999,137.0,42.64,1.93,13.14,16.0,5.05,290.0,34.0,3.0,0.5,6.781499999999999,2.11068,0.0955349999999999,0.65043,0.7919999999999999,0.2499749999999999,14.354999999999997,1.6829999999999998,0.1484999999999999,0.0247499999999999
French salad dressing,recipe_1_person,56.0,0.0,0.0,0.16,100.0,0.0,0.0,0.0,0.0,0.0,0.0,0.0,0.0,0.0896,56.0,0.0,0.0,0.0,0.0,0.0,0.0
Macaroon,recipe_1_person,31.25,1.0,99.6,0.05,0.32,0.0,0.0,1.0,0.0,0.0,0.0,0.3125,31.125,0.015625,0.1,0.0,0.0,0.3125,0.0,0.0,0.0
"Tea, green",recipe_1_person,28.25,24.0,3.67,1.76,4.42,13.0,15.48,250.0,43.0,4.4,0.0,6.78,1.036775,0.4972,1.24865,3.6725,4.3731,70.625,12.1475,1.243,0.0
Hummus,recipe_1_person,102.5,14.0,0.0,1.5,40.34,15.0,20.19,387.0,77.0,0.0,0.2,14.35,0.0,1.5375,41.3485,15.375,20.69475,396.675,78.925,0.0,0.205
"Pizza, Margherita, baked",recipe_1_person,5.0,10.0,4.04,0.22,0.31,10.0,0.82,4.0,32.0,16.3,0.0,0.5,0.2019999999999999,0.011,0.0155,0.5,0.0409999999999999,0.2,1.6,0.815,0.0
Prosecco,recipe_1_person,22.5,5.0,13.47,0.25,0.0599999999999999,5.0,0.2,3.0,0.0,1.0,0.0,1.125,3.03075,0.05625,0.0134999999999999,1.125,0.045,0.675,0.0,0.225,0.0
Panna cotta,recipe_1_person,5.0,61.0,3.8,0.0,35.56,6.0,2.02,21.0,327.0,0.6,1.6,3.05,0.19,0.0,1.778,0.3,0.1009999999999999,1.05,16.35,0.03,0.08
"Bread, sourdough",recipe_1_person,0.775,106.0,7.73,1.36,10.06,17.0,12.86,384.0,82.0,0.8000000000000002,0.8000000000000002,0.8215,0.0599075,0.01054,0.077965,0.13175,0.099665,2.9760000000000004,0.6355000000000001,0.0062,0.0062
"Soup, Miso",recipe_1_person,1.25,372.0,52.39,24.95,4.01,482.0,31.84,575.0,14.0,5.0,0.0,4.65,0.654875,0.311875,0.0501249999999999,6.025,0.3979999999999999,7.1875,0.175,0.0625,0.0
"Rice, Basmati",recipe_1_person,42.5,25.0,23.54,1.64,4.24,33.0,7.489999999999999,263.0,1.0,0.3,0.0,10.625,10.0045,0.6970000000000001,1.8020000000000005,14.025,3.18325,111.775,0.425,0.1275,0.0
"Bacon, frying",recipe_1_person,7.5,21.0,65.36,5.58,24.719999999999995,41.0,5.1,311.0,0.0,0.0,0.0,1.575,4.902,0.4185,1.854,3.075,0.3825,23.325,0.0,0.0,0.0
Halloumi,recipe_1_person,42.5,89.0,20.02,0.66,3.67,29.0,9.22,58.0,7.0,0.0,0.7,37.825,8.5085,0.2805,1.55975,12.325,3.9185,24.65,2.975,0.0,0.2975
Chicken curry (cream/coconut milk. curry spices/paste)),recipe_1_person,3.5,17.0,17.25,0.7299999999999999,13.95,28.0,19.22,769.0,3.0,1.1,0.2,0.595,0.60375,0.0255499999999999,0.4882499999999999,0.98,0.6727,26.915,0.105,0.0385,0.007
Brownie,recipe_1_person,3.75,83.0,8.37,1.69,3.21,23.0,2.09,161.0,67.0,18.2,0.0,3.1125,0.3138749999999999,0.063375,0.120375,0.8625,0.078375,6.0375,2.5125,0.6825,0.0
Dairy ice cream,recipe_1_person,61.25,18.0,13.95,0.98,4.57,14.0,7.13,333.0,31.0,2.8,0.3,11.025,8.544375,0.60025,2.799125,8.575,4.367125,203.9625,18.9875,1.715,0.18375
Carrot cake,recipe_1_person,43.75,6.0,1.22,0.03,37.91,1.0,0.33,586.0,1330.0,0.0,3.7,2.625,0.53375,0.013125,16.585624999999997,0.4375,0.144375,256.375,581.875,0.0,1.61875
Salad dressing,recipe_1_person,45.0,9.0,2.6,0.27,0.0,10.0,0.07,5.0,0.0,0.0,0.0,4.05,1.17,0.1215,0.0,4.5,0.0315,2.25,0.0,0.0,0.0
Bread,recipe_1_person,8.75,116.0,78.46,16.06,4.44,50.0,6.88,530.0,3.0,14.3,5.0,10.15,6.86525,1.4052499999999997,0.3885,4.375,0.602,46.375,0.2625,1.25125,0.4375
Balsamic salad dressing,recipe_1_person,23.25,10.0,4.32,0.3,0.29,10.0,0.8600000000000001,236.0,23.0,49.8,0.0,2.325,1.0044000000000002,0.0697499999999999,0.067425,2.325,0.19995,54.87,5.3475,11.578499999999998,0.0
Romanesco,recipe_1_person,3.5,1.0,0.0,0.56,100.0,0.0,0.0,2.0,0.0,0.0,0.0,0.035,0.0,0.0196,3.5,0.0,0.0,0.07,0.0,0.0,0.0
Bulgur,recipe_1_person,35.0,10.0,18.48,0.96,0.24,32.0,3.06,219.0,0.0,0.0,0.0,3.5,6.468000000000001,0.336,0.084,11.2,1.0710000000000002,76.65,0.0,0.0,0.0
Cappuccino,recipe_1_person,4.5,2.0,1.67,0.13,0.18,80.0,0.12,14.0,0.0,0.2,0.0,0.09,0.07515,0.0058499999999999,0.0081,3.6,0.0054,0.63,0.0,0.009,0.0
"Chicken, wing",recipe_1_person,3.5,17.0,17.25,0.7299999999999999,13.95,28.0,19.22,769.0,3.0,1.1,0.2,0.595,0.60375,0.0255499999999999,0.4882499999999999,0.98,0.6727,26.915,0.105,0.0385,0.007
Gruyère,recipe_1_person,12.5,48.0,0.96,1.67,9.96,11.0,12.4,129.0,180.0,0.0,2.5,6.0,0.12,0.20875,1.245,1.375,1.55,16.125,22.5,0.0,0.3125
Fresh cheese,recipe_1_person,15.25,125.0,4.83,0.0,2.14,12.0,3.33,39.0,58.0,0.1,1.1,19.0625,0.736575,0.0,0.32635,1.83,0.507825,5.9475,8.845,0.01525,0.16775
Rosti,recipe_1_person,3.5,21.0,0.06,0.06,82.2,2.0,0.85,524.0,758.0,0.0,0.4,0.735,0.0021,0.0021,2.877,0.07,0.02975,18.34,26.53,0.0,0.014
Fennel,recipe_1_person,6.25,49.0,7.3,0.73,0.2,17.0,1.24,52.0,48.0,12.0,0.0,3.0625,0.45625,0.045625,0.0125,1.0625,0.0775,3.25,3.0,0.75,0.0
Crunch Müesli,recipe_1_person,2.5,52.0,67.7,4.25,6.519999999999999,138.0,13.15,6.0,0.0,0.0,0.0,1.3,1.6925,0.10625,0.1629999999999999,3.45,0.32875,0.15,0.0,0.0,0.0
"Turnover with meat (small meat pie, empanadas)",recipe_1_person,10.0,39.0,78.62,1.3,0.62,24.0,2.28,32.0,25.0,5.5,0.0,3.9,7.862,0.13,0.062,2.4,0.2279999999999999,3.2,2.5,0.55,0.0
"Tea, rooibos",recipe_1_person,40.0,34.0,69.7,2.1,0.63,33.0,1.8700000000000003,6.0,0.0,7.0,0.0,13.6,27.88,0.84,0.252,13.2,0.7480000000000001,2.4,0.0,2.8,0.0
"Potatoes au gratin, dauphinois, prepared",recipe_1_person,12.5,141.0,16.34,0.66,12.4,25.0,6.07,417.0,59.0,8.0,0.1,17.625,2.0425,0.0825,1.55,3.125,0.75875,52.125,7.375,1.0,0.0125
"Sauce, mushroom",recipe_1_person,38.75,6.0,8.29,0.19,0.3,8.0,2.4,949.0,0.0,1.5,0.0,2.325,3.212375,0.073625,0.11625,3.1,0.93,367.7375,0.0,0.58125,0.0
Dumplings,recipe_1_person,10.0,1.0,10.36,0.02,0.25,0.0,0.0,3.0,0.0,0.0,0.0,0.1,1.036,0.002,0.025,0.0,0.0,0.3,0.0,0.0,0.0
"Pasta, linguini, parpadelle, Tagliatelle",recipe_1_person,25.0,15.0,76.0,1.2,1.0,22.0,10.0,2.0,0.0,0.0,0.0,3.75,19.0,0.3,0.25,5.5,2.5,0.5,0.0,0.0,0.0
"Bouillon, vegetable",recipe_1_person,46.25,27.0,6.49,0.33,2.59,8.0,0.7,129.0,11.0,4.9,0.0,12.4875,3.001625,0.152625,1.197875,3.7,0.32375,59.6625,5.0875,2.2662500000000003,0.0
"Porridge, prepared, with partially skimmed milk",recipe_1_person,2.5,52.0,67.7,4.25,6.519999999999999,138.0,13.15,6.0,0.0,0.0,0.0,1.3,1.6925,0.10625,0.1629999999999999,3.45,0.32875,0.15,0.0,0.0,0.0
Cream cheese,recipe_1_person,5.0,61.0,3.8,0.0,35.56,6.0,2.02,21.0,327.0,0.6,1.6,3.05,0.19,0.0,1.778,0.3,0.1009999999999999,1.05,16.35,0.03,0.08
Witloof chicory,recipe_1_person,63.75,36.0,9.68,1.5,1.91,29.0,9.92,324.0,10.0,4.6,0.0,22.95,6.171,0.95625,1.217625,18.4875,6.324,206.55,6.375,2.9325,0.0
Bolognaise sauce,recipe_1_person,126.0,1.0,0.0,0.56,100.0,0.0,0.0,2.0,0.0,0.0,0.0,1.26,0.0,0.7056,126.0,0.0,0.0,2.52,0.0,0.0,0.0
Apple crumble,recipe_1_person,52.5,14.0,22.7,0.19,3.0800000000000005,6.0,0.32,4.0,29.0,3.9,0.0,7.35,11.9175,0.0997499999999999,1.6170000000000002,3.15,0.168,2.1,15.225,2.0475,0.0
"Tea, spice",recipe_1_person,90.0,6.0,0.0,0.0,0.0,2.0,0.0,3.0,0.0,0.0,0.0,5.4,0.0,0.0,0.0,1.8,0.0,2.7,0.0,0.0,0.0
Quinoa,recipe_1_person,42.5,17.0,20.22,1.42,5.42,61.0,4.2,184.0,37.0,0.0,0.1,7.225,8.593499999999999,0.6034999999999999,2.3035,25.925,1.785,78.2,15.725,0.0,0.0425
"Shrimp, boiled",recipe_1_person,3.75,72.0,7.34,1.48,0.19,20.0,1.8300000000000003,16.0,50.0,18.8,0.0,2.7,0.27525,0.0555,0.007125,0.75,0.068625,0.6,1.875,0.705,0.0
"Chicken, breast",recipe_1_person,4.25,39.0,14.86,0.84,13.58,29.0,14.62,527.0,7.0,0.5,0.1,1.6575,0.6315500000000001,0.0356999999999999,0.57715,1.2325,0.62135,22.3975,0.2975,0.02125,0.00425
Sour cream,recipe_1_person,60.0,107.0,4.3,0.05,11.5,10.0,3.13,61.0,97.0,0.9,0.0,64.2,2.58,0.03,6.9,6.0,1.878,36.6,58.2,0.54,0.0
Cheese for raclette,recipe_1_person,200.0,248.0,6.0,0.27,9.46,18.0,9.6,102.0,117.0,0.0,0.2,496.0,12.0,0.54,18.92,36.0,19.2,204.0,234.0,0.0,0.4
Couscous,recipe_1_person,3.5,17.0,17.25,0.7299999999999999,13.95,28.0,19.22,769.0,3.0,1.1,0.2,0.595,0.60375,0.0255499999999999,0.4882499999999999,0.98,0.6727,26.915,0.105,0.0385,0.007
Praline,recipe_1_person,1.05,1.0,99.6,0.05,0.32,0.0,0.0,1.0,0.0,0.0,0.0,0.0105,1.0458,0.000525,0.00336,0.0,0.0,0.0105,0.0,0.0,0.0
Focaccia,recipe_1_person,125.0,95.0,52.7,3.28,4.3,27.0,9.9,544.0,0.0,0.0,0.0,118.75,65.875,4.1,5.375,33.75,12.375,680.0,0.0,0.0,0.0
Spaetzle,recipe_1_person,15.25,125.0,4.83,0.0,2.14,12.0,3.33,39.0,58.0,0.1,1.1,19.0625,0.736575,0.0,0.32635,1.83,0.507825,5.9475,8.845,0.01525,0.16775
Grissini,recipe_1_person,3.0,30.0,41.22,2.17,7.61,54.0,40.44,51.0,0.0,0.3,0.0,0.9,1.2366,0.0650999999999999,0.2283,1.62,1.2131999999999998,1.53,0.0,0.009,0.0
Fruit tart,recipe_1_person,62.5,15.0,76.0,1.2,1.0,22.0,10.0,2.0,0.0,0.0,0.0,9.375,47.5,0.75,0.625,13.75,6.25,1.25,0.0,0.0,0.0
Biscuit with Butter,recipe_1_person,41.25,21.0,0.06,0.06,82.2,2.0,0.85,524.0,758.0,0.0,0.4,8.6625,0.02475,0.02475,33.9075,0.825,0.350625,216.15,312.675,0.0,0.165
"Faux-mage Cashew, vegan chers",recipe_1_person,12.5,45.0,32.69,6.0,46.35,260.0,15.31,16.0,0.0,0.0,0.0,5.625,4.08625,0.75,5.79375,32.5,1.91375,2.0,0.0,0.0,0.0
Hamburger bun,recipe_1_person,15.25,125.0,4.83,0.0,2.14,12.0,3.33,39.0,58.0,0.1,1.1,19.0625,0.736575,0.0,0.32635,1.83,0.507825,5.9475,8.845,0.01525,0.16775
Oil & vinegar salad dressing,recipe_1_person,52.5,39.0,3.43,0.46,0.21,27.0,1.31,41.0,298.0,11.7,0.0,20.475,1.80075,0.2415,0.11025,14.175,0.6877500000000001,21.525,156.45,6.1425,0.0
Greek salad,recipe_1_person,1.875,72.0,7.34,1.48,0.19,20.0,1.8300000000000003,16.0,50.0,18.8,0.0,1.35,0.137625,0.02775,0.0035625,0.375,0.0343125,0.3,0.9375,0.3525,0.0
Chocolate mousse,recipe_1_person,2.9375,6.0,6.9,0.08,0.24,6.0,0.35,1.0,0.0,38.7,0.0,0.17625,0.2026875,0.00235,0.00705,0.17625,0.0102812499999999,0.029375,0.0,1.1368125,0.0
Müesli,recipe_1_person,25.0,52.0,67.7,4.25,6.52,138.0,13.15,6.0,0.0,0.0,0.0,13.0,16.925,1.0625,1.63,34.5,3.2875,1.5,0.0,0.0,0.0
"Bread, spelt",recipe_1_person,11.25,157.0,53.2,3.92,29.07,24.0,8.83,755.0,0.0,0.0,0.0,17.6625,5.985,0.441,3.270375,2.7,0.993375,84.9375,0.0,0.0,0.0
"Savoy cabbage, steamed, without addition of salt",recipe_1_person,1.3125,101.0,28.6,0.72,25.9,95.0,32.0,1770.0,0.0,1.9,0.0,1.325625,0.375375,0.00945,0.3399375,1.246875,0.42,23.23125,0.0,0.0249374999999999,0.0
"Meat terrine, paté",recipe_1_person,20.0,36.0,9.68,0.12,0.24,12.0,0.8699999999999999,75.0,762.0,4.2,0.0,7.2,1.936,0.024,0.048,2.4,0.174,15.0,152.4,0.84,0.0
Lemon Cake,recipe_1_person,25.0,15.0,76.0,1.2,1.0,22.0,10.0,2.0,0.0,0.0,0.0,3.75,19.0,0.3,0.25,5.5,2.5,0.5,0.0,0.0,0.0
Eggplant caviar,recipe_1_person,10.0,9.0,5.88,0.23,0.18,14.0,0.98,2.0,1.0,2.2,0.0,0.9,0.588,0.023,0.018,1.4,0.098,0.2,0.1,0.22,0.0
"Rice, wild",recipe_1_person,17.5,44.0,36.31,2.86,27.46,17.0,8.96,437.0,269.0,0.0,0.9,7.7,6.35425,0.5005,4.8055,2.975,1.568,76.475,47.075,0.0,0.1575
"Pastry, flaky",recipe_1_person,25.0,15.0,76.0,1.2,1.0,22.0,10.0,2.0,0.0,0.0,0.0,3.75,19.0,0.3,0.25,5.5,2.5,0.5,0.0,0.0,0.0
Gluten-free bread,recipe_1_person,90.0,6.0,0.0,0.0,0.0,2.0,0.0,3.0,0.0,0.0,0.0,5.4,0.0,0.0,0.0,1.8,0.0,2.7,0.0,0.0,0.0
Wienerli (Swiss sausage),recipe_1_person,25.0,15.0,76.0,1.2,1.0,22.0,10.0,2.0,0.0,0.0,0.0,3.75,19.0,0.3,0.25,5.5,2.5,0.5,0.0,0.0,0.0
Meatloaf,recipe_1_person,187.5,20.0,16.18,1.43,2.77,14.0,9.73,358.0,8.0,1.4,0.1,37.5,30.3375,2.68125,5.19375,26.25,18.24375,671.25,15.0,2.625,0.1875
Cantonese fried rice,recipe_1_person,90.0,6.0,0.0,0.0,0.0,2.0,0.0,3.0,0.0,0.0,0.0,5.4,0.0,0.0,0.0,1.8,0.0,2.7,0.0,0.0,0.0
"Butter, herb",recipe_1_person,46.25,27.0,41.64,3.04,16.58,23.0,8.34,620.0,13.0,0.2,0.2,12.4875,19.2585,1.406,7.66825,10.6375,3.85725,286.75,6.0125,0.0925,0.0925
Chocolate cookies,recipe_1_person,25.0,157.0,53.2,3.92,29.07,24.0,8.83,755.0,0.0,0.0,0.0,39.25,13.3,0.98,7.2675,6.0,2.2075,188.75,0.0,0.0,0.0
"Lentils green (du Puy, du Berry)",recipe_1_person,3.5,1.0,0.84,0.05,99.1,0.0,0.0,0.0,0.0,0.0,0.0,0.035,0.0294,0.00175,3.4685,0.0,0.0,0.0,0.0,0.0,0.0
Cheesecake,recipe_1_person,10.0,331.0,73.05,10.25,11.1,37.0,7.340000000000001,525.0,5.0,22.9,5.0,33.1,7.305,1.025,1.11,3.7,0.7340000000000001,52.5,0.5,2.29,0.5
"Pasta in butterfly form, farfalle",recipe_1_person,21.25,146.0,35.06,1.45,10.94,22.0,7.52,67.0,81.0,0.0,0.2,31.025,7.45025,0.308125,2.32475,4.675,1.598,14.2375,17.2125,0.0,0.0425
Croque monsieur,recipe_1_person,15.25,125.0,4.83,0.0,2.14,12.0,3.33,39.0,58.0,0.1,1.1,19.0625,0.736575,0.0,0.32635,1.83,0.507825,5.9475,8.845,0.01525,0.16775
Ice tea,recipe_1_person,7.5,2.0,0.2,0.08,0.0,1.0,0.0,1.0,1.0,0.0,0.0,0.15,0.015,0.006,0.0,0.075,0.0,0.075,0.075,0.0,0.0
Rice noodles/vermicelli,recipe_1_person,100.0,0.0,0.0,0.0,0.0,0.0,0.0,0.0,0.0,0.0,0.0,0.0,0.0,0.0,0.0,0.0,0.0,0.0,0.0,0.0,0.0
Bouquet garni,recipe_1_person,56.25,1.0,7.8,0.02,0.19,0.0,0.0,3.0,0.0,0.0,0.0,0.5625,4.3875,0.01125,0.106875,0.0,0.0,1.6875,0.0,0.0,0.0
"Pie, apricot, baked, with cake dough",recipe_1_person,3.1500000000000004,1.0,99.6,0.05,0.32,0.0,0.0,1.0,0.0,0.0,0.0,0.0315,3.1374,0.001575,0.01008,0.0,0.0,0.0315,0.0,0.0,0.0
"Rusk, wholemeal",recipe_1_person,100.0,211.0,49.2,3.36,3.59,27.0,9.43,450.0,0.0,0.0,0.0,211.0,49.2,3.36,3.59,27.0,9.43,450.0,0.0,0.0,0.0
"Aperitif, with alcohol, apérol, Spritz",recipe_1_person,62.0,6.0,11.61,0.07,0.57,4.0,0.1,11.0,16.0,0.0,0.0,3.72,7.198199999999999,0.0434,0.3533999999999999,2.48,0.062,6.82,9.92,0.0,0.0
"Sauce, carbonara",recipe_1_person,31.5,1.0,0.0,0.56,100.0,0.0,0.0,2.0,0.0,0.0,0.0,0.315,0.0,0.1764,31.5,0.0,0.0,0.63,0.0,0.0,0.0
Veggie burger,recipe_1_person,14.025,54.0,25.19,2.5500000000000003,4.21,40.0,6.5,231.0,0.0,0.0,0.0,7.5735,3.5328975,0.3576375,0.5904525,5.61,0.911625,32.39775,0.0,0.0,0.0
Banana cake,recipe_1_person,50.0,61.0,30.3,4.91,53.03,206.0,12.12,295.0,0.0,0.0,0.0,30.5,15.15,2.455,26.515,103.0,6.06,147.5,0.0,0.0,0.0
"Taboulé, prepared, with couscous",recipe_1_person,3.0,3.0,79.0,0.22,0.3,2.0,0.8000000000000002,80.0,0.0,0.0,0.0,0.09,2.37,0.0066,0.009,0.06,0.024,2.4,0.0,0.0,0.0
Black Forest Tart,recipe_1_person,93.75,8.0,75.14,0.16,0.34,6.0,0.49,1.0,210.0,3.9,0.0,7.5,70.44375,0.15,0.31875,5.625,0.459375,0.9375,196.875,3.65625,0.0
Pearl onions,recipe_1_person,46.25,27.0,6.49,0.33,2.59,8.0,0.7,129.0,11.0,4.9,0.0,12.4875,3.001625,0.152625,1.197875,3.7,0.32375,59.6625,5.0875,2.2662500000000003,0.0
Tzatziki,recipe_1_person,87.5,89.0,20.02,0.66,3.67,29.0,9.22,58.0,7.0,0.0,0.7,77.875,17.5175,0.5775,3.21125,25.375,8.0675,50.75,6.125,0.0,0.6124999999999999
Fruit compotes,recipe_1_person,62.0,11.0,13.63,0.1,0.45,5.0,0.17,8.0,16.0,29.7,0.0,6.82,8.450600000000001,0.062,0.279,3.1,0.1054,4.96,9.92,18.414,0.0
"Bread, olive",recipe_1_person,26.0,146.0,49.38,3.63,7.99,22.0,8.2,700.0,0.0,0.0,0.0,37.96,12.8388,0.9438,2.0774,5.72,2.132,182.0,0.0,0.0,0.0
Italian salad dressing,recipe_1_person,1.75,1.0,0.0,0.56,100.0,0.0,0.0,2.0,0.0,0.0,0.0,0.0175,0.0,0.0098,1.75,0.0,0.0,0.035,0.0,0.0,0.0
"Cake, marble",recipe_1_person,43.75,49.0,22.31,1.74,51.36,168.0,22.21,426.0,0.0,0.0,0.0,21.4375,9.760625,0.76125,22.47,73.5,9.716875,186.375,0.0,0.0,0.0
Buckwheat pancake,recipe_1_person,3.75,13.0,15.0,0.39,0.46,43.0,7.62,529.0,0.0,0.0,0.0,0.4875,0.5625,0.014625,0.01725,1.6125,0.28575,19.8375,0.0,0.0,0.0
Soft cheese,1 cracker-size slice,9.0,849.0,4.33,0.39,31.26,28.0,20.7,964.0,294.0,0.0,3.0,76.41,0.3897,0.0351,2.8134,2.52,1.863,86.76,26.46,0.0,0.27
"Ham, raw",1 thick slice,90.0,8.0,1.58,0.84,3.87,20.0,19.04,1149.0,13.0,0.0,0.7,7.2,1.4220000000000002,0.7559999999999999,3.483,18.0,17.136,1034.1,11.7,0.0,0.6299999999999999
Ham,1 thick slice,90.0,8.0,1.58,0.84,3.87,20.0,19.04,1149.0,13.0,0.0,0.7,7.2,1.4220000000000002,0.7559999999999999,3.483,18.0,17.136,1034.1,11.7,0.0,0.6299999999999999
Hard cheese,Quantity not specified,56.0,16.0,0.0,1.5,10.9,9.0,13.83,941.0,0.0,0.0,0.9,8.96,0.0,0.84,6.104,5.04,7.744800000000001,526.96,0.0,0.0,0.504
Cottage cheese,1 cup,210.0,103.0,4.31,0.13,2.3,9.0,11.0,321.0,69.0,0.0,0.0,216.3,9.050999999999998,0.273,4.829999999999999,18.9,23.1,674.1,144.9,0.0,0.0
"Bread, half white",Quantity not specified,28.0,211.0,49.2,3.36,3.59,27.0,9.43,450.0,0.0,0.0,0.0,59.08,13.776000000000002,0.9408,1.0052,7.56,2.6404,126.0,0.0,0.0,0.0
Pancakes,1 medium pancake,50.0,206.0,35.32,1.45,12.07,20.0,7.41,508.0,77.0,0.0,1.0,103.0,17.66,0.725,6.035,10.0,3.705,254.0,38.5,0.0,0.5
"Salmon, smoked",1 cup,135.0,11.0,0.0,0.85,4.32,18.0,18.28,672.0,26.0,0.0,17.1,14.85,0.0,1.1475,5.832000000000001,24.3,24.678,907.2,35.1,0.0,23.085
Avocado,1 fruit,150.0,12.0,8.53,0.55,14.66,29.0,2.0,7.0,7.0,10.0,0.0,18.0,12.795,0.825,21.99,43.5,3.0,10.5,10.5,15.0,0.0
Spring onion / scallion,Quantity not specified,15.0,17.0,8.46,0.24,0.08,9.0,0.86,1.0,0.0,8.2,0.0,2.55,1.269,0.036,0.012,1.35,0.129,0.15,0.0,1.2299999999999998,0.0
"Ristretto, with caffeine",1 espresso cup (2 fl oz),60.0,2.0,1.67,0.13,0.18,80.0,0.12,14.0,0.0,0.2,0.0,1.2,1.0019999999999998,0.078,0.1079999999999999,48.0,0.072,8.4,0.0,0.12,0.0
Cheese,1 cracker-size slice,9.0,849.0,4.33,0.39,31.26,28.0,20.7,964.0,294.0,0.0,3.0,76.41,0.3897,0.0351,2.8134,2.52,1.863,86.76,26.46,0.0,0.27
Pear,1 slice/chunk,25.0,9.0,15.18,0.18,0.15,7.0,0.37,3.0,1.0,4.3,0.0,2.25,3.795,0.045,0.0375,1.75,0.0925,0.75,0.25,1.075,0.0
Cashew nut,1 package,50.0,44.0,31.4,5.77,47.48,250.0,14.7,399.0,0.0,0.0,0.0,22.0,15.7,2.885,23.74,125.0,7.35,199.5,0.0,0.0,0.0
Almonds,1 100 calorie package,18.0,268.0,21.01,3.73,52.54,279.0,20.96,3.0,0.0,0.0,0.0,48.24,3.7818,0.6714,9.4572,50.22,3.7728,0.54,0.0,0.0,0.0
Lentils,1 cup,185.0,18.0,18.71,3.1,6.86,33.0,8.38,218.0,0.0,1.3,0.0,33.3,34.6135,5.735,12.691,61.05,15.503000000000002,403.3,0.0,2.405,0.0
Cucumber,Quantity not specified,60.0,16.0,2.95,0.0,0.18,10.0,0.62,2.0,5.0,2.8,0.0,9.6,1.77,0.0,0.1079999999999999,6.0,0.372,1.2,3.0,1.68,0.0
Cocoa powder,Quantity not specified,5.0,128.0,57.9,13.86,13.7,499.0,19.6,21.0,0.0,0.0,0.0,6.4,2.895,0.693,0.685,24.95,0.98,1.05,0.0,0.0,0.0
"Buckwheat, grain peeled",Quantity not specified,170.0,8.0,18.99,0.76,3.97,49.0,3.24,170.0,35.0,0.0,0.1,13.6,32.282999999999994,1.2919999999999998,6.749,83.3,5.508000000000001,289.0,59.5,0.0,0.17
Broccoli,1 floweret,10.0,46.0,6.27,0.69,0.34,21.0,2.57,36.0,8.0,91.3,0.0,4.6,0.627,0.0689999999999999,0.034,2.1,0.257,3.6,0.8,9.13,0.0
"Green bean, steamed, without addition of salt",1 cup,90.0,13.0,5.94,0.91,0.18,21.0,3.04,6.0,1.0,13.2,0.0,11.7,5.346,0.8190000000000001,0.162,18.9,2.736,5.4,0.9,11.88,0.0
Sausage,"1 oz, cooked",28.35,9.0,1.42,1.2,27.25,16.0,18.53,814.0,28.0,0.0,1.4,2.5515,0.40257,0.3402,7.725375,4.5360000000000005,5.253255,230.769,7.938000000000001,0.0,0.3969
"(bread, meat substitute, lettuce, sauce)",Quantity not specified,155.0,100.0,19.44,2.12,15.65,18.0,12.1,443.0,75.0,0.0,1.2,155.0,30.132,3.286,24.2575,27.9,18.755,686.65,116.25,0.0,1.86
Tart,Quantity not specified,125.0,22.0,42.6,1.22,16.1,10.0,3.0,333.0,5.0,1.3,0.0,27.5,53.25,1.525,20.125000000000004,12.5,3.75,416.25,6.25,1.625,0.0
Rice,1 cup,244.0,18.0,8.86,1.34,7.94,21.0,17.69,522.0,4.0,0.0,0.4,43.92,21.6184,3.2696000000000005,19.3736,51.24,43.1636,1273.68,9.76,0.0,0.976
"Tomato, raw ",1 slice,20.0,10.0,4.04,0.22,0.31,10.0,0.82,4.0,32.0,16.3,0.0,2.0,0.8079999999999999,0.044,0.062,2.0,0.1639999999999999,0.8,6.4,3.26,0.0
"White coffee, with caffeine",1 fl oz,31.0,96.0,10.22,0.02,1.47,25.0,2.56,46.0,63.0,0.2,0.8,29.76,3.1682,0.0062,0.4557,7.75,0.7936,14.26,19.53,0.062,0.248
Apple,1 medium,200.0,5.0,14.8,0.03,0.15,5.0,0.17,0.0,3.0,4.6,0.0,10.0,29.6,0.06,0.3,10.0,0.34,0.0,6.0,9.2,0.0
Linseeds,Quantity not specified,28.0,66.0,21.73,4.87,49.61,234.0,21.96,7.0,0.0,1.5,0.0,18.48,6.0844000000000005,1.3636,13.8908,65.52,6.1488,1.96,0.0,0.42,0.0
Sunflower seeds,1 package,50.0,70.0,24.07,3.8,49.8,129.0,19.33,3.0,0.0,1.4,0.0,35.0,12.035,1.9,24.9,64.5,9.665,1.5,0.0,0.7,0.0
Lye pretzel (soft),1 small,62.0,23.0,69.38,3.83,4.0,21.0,8.01,775.0,8.0,0.0,0.0,14.26,43.01559999999999,2.3746,2.48,13.02,4.9662,480.5,4.96,0.0,0.0
Butter,1 tablespoon,14.0,21.0,0.06,0.06,82.2,2.0,0.85,524.0,758.0,0.0,0.4,2.94,0.0084,0.0084,11.508,0.28,0.119,73.36,106.12,0.0,0.056
"Soup, cream of vegetables",1 individual container,440.0,19.0,7.83,0.36,4.72,13.0,1.41,245.0,75.0,9.0,0.2,83.6,34.452,1.584,20.768,57.2,6.204,1078.0,330.0,39.6,0.88
Banana,Quantity not specified,126.0,5.0,22.71,0.0,0.28,28.0,0.74,0.0,1.0,12.0,0.0,6.3,28.6146,0.0,0.3528,35.28,0.9324,0.0,1.26,15.12,0.0
"Pasta, noodles","1 oz, dry, yields",80.0,7.0,30.68,1.27,0.92,18.0,5.76,232.0,0.0,0.0,0.0,5.6,24.544,1.016,0.7360000000000001,14.4,4.608,185.6,0.0,0.0,0.0
Cream,Quantity not specified,20.0,61.0,3.8,0.0,35.56,6.0,2.02,21.0,327.0,0.6,1.6,12.2,0.76,0.0,7.112,1.2,0.4039999999999999,4.2,65.4,0.12,0.32
"Salad, leaf / salad, green",1 tablespoon,15.6,28.0,5.9,0.3,44.54,5.0,1.32,810.0,15.0,0.0,0.1,4.368,0.9204,0.0467999999999999,6.948239999999999,0.78,0.20592,126.36,2.34,0.0,0.0156
White cabbage,Quantity not specified,45.0,105.0,2.18,0.8,0.2,19.0,1.5,65.0,223.0,45.0,0.0,47.25,0.981,0.36,0.09,8.55,0.675,29.25,100.35,20.25,0.0
"Applesauce, unsweetened, canned",Quantity not specified,120.0,4.0,12.26,0.04,0.16,4.0,0.27,1.0,0.0,43.7,0.0,4.8,14.712,0.048,0.192,4.8,0.324,1.2,0.0,52.44,0.0
Mushrooms,Quantity not specified,35.0,5.0,4.13,0.23,0.35,10.0,2.9,6.0,0.0,2.1,0.0,1.75,1.4454999999999998,0.0805,0.1225,3.5,1.015,2.1,0.0,0.735,0.0
Mushroom,Quantity not specified,35.0,5.0,4.13,0.23,0.35,10.0,2.9,6.0,0.0,2.1,0.0,1.75,1.4454999999999998,0.0805,0.1225,3.5,1.015,2.1,0.0,0.735,0.0
Egg,1 egg white,33.0,7.0,2.36,0.08,0.0,11.0,10.7,166.0,0.0,0.0,0.0,2.31,0.7787999999999999,0.0264,0.0,3.63,3.531,54.78,0.0,0.0,0.0
"Bread, white",Quantity not specified,28.0,211.0,49.2,3.36,3.59,27.0,9.43,450.0,0.0,0.0,0.0,59.08,13.776000000000002,0.9408,1.0052,7.56,2.6404,126.0,0.0,0.0,0.0
"Coffee, with caffeine",1 fl oz,31.0,96.0,10.22,0.02,1.47,25.0,2.56,46.0,63.0,0.2,0.8,29.76,3.1682,0.0062,0.4557,7.75,0.7936,14.26,19.53,0.062,0.248
"Beef, sirloin steak",1 regular,160.0,18.0,0.0,3.21,4.25,17.0,29.72,382.0,5.0,0.0,0.0,28.8,0.0,5.136,6.8,27.2,47.552,611.2,8.0,0.0,0.0
Mandarine,Quantity not specified,109.0,37.0,13.34,0.15,0.31,12.0,0.81,2.0,34.0,26.7,0.0,40.33,14.5406,0.1634999999999999,0.3379,13.08,0.8829,2.18,37.06,29.103,0.0
"Juice, apple",1 fun size box (4.23 fl oz),131.0,7.0,11.34,0.06,0.25,5.0,0.09,5.0,0.0,38.6,0.0,9.17,14.8554,0.0785999999999999,0.3275,6.55,0.1178999999999999,6.55,0.0,50.566,0.0
Caprese salad (Tomato Mozzarella),1 stick,28.35,693.0,4.44,0.2,20.4,27.0,23.7,699.0,203.0,0.0,0.4,196.4655,1.2587400000000002,0.0567,5.7834,7.6545,6.71895,198.1665,57.5505,0.0,0.1134
"Wine, red",1/2 bottle,375.0,8.0,2.61,0.46,0.0,12.0,0.07,4.0,0.0,0.0,0.0,30.0,9.7875,1.725,0.0,45.0,0.2625,15.0,0.0,0.0,0.0
"Pasta, ravioli, stuffing",1 cup,160.0,32.0,17.7,2.29,7.42,15.0,12.59,770.0,35.0,0.1,0.4,51.2,28.32,3.664,11.872,24.0,20.144,1232.0,56.0,0.16,0.64
"Omelette, plain",1 cup,135.0,46.0,0.91,1.56,15.0,10.0,11.58,248.0,193.0,0.0,2.4,62.1,1.2285,2.106,20.25,13.5,15.633,334.8,260.55,0.0,3.24
Dark chocolate,1 individual school container,248.0,109.0,12.13,0.24,1.9,14.0,2.99,66.0,64.0,0.0,1.2,270.32,30.082400000000003,0.5952,4.712,34.72,7.415200000000001,163.68,158.72,0.0,2.9759999999999995
Kaki,1 fl oz (with ice),23.0,12.0,17.45,1.18,0.03,14.0,0.61,4.0,0.0,4.1,0.0,2.76,4.0135,0.2714,0.0069,3.22,0.1402999999999999,0.92,0.0,0.943,0.0
"Carrot, raw",1 single serving bag,80.0,36.0,9.68,0.12,0.24,12.0,0.87,75.0,762.0,4.2,0.0,28.8,7.744,0.096,0.192,9.6,0.696,60.0,609.6,3.36,0.0
"Crêpe, plain",1 surface inch,1.3,95.0,22.02,1.87,11.29,17.0,8.85,278.0,98.0,0.0,1.5,1.235,0.28626,0.02431,0.1467699999999999,0.221,0.11505,3.614,1.274,0.0,0.0195
Jam,1 tablespoon,20.0,20.0,68.86,0.49,0.07,4.0,0.37,32.0,0.0,8.8,0.0,4.0,13.772,0.098,0.014,0.8,0.074,6.4,0.0,1.76,0.0
Chicken nuggets,1 cup,140.0,11.0,14.93,0.83,20.36,24.0,15.92,594.0,5.0,0.6,0.2,15.4,20.902,1.162,28.504,33.6,22.288,831.6,7.0,0.84,0.28
"Soup, pumpkin",1 individual container,440.0,23.0,6.86,0.74,4.7,12.0,1.1,241.0,368.0,2.3,0.2,101.2,30.184,3.256,20.68,52.8,4.840000000000001,1060.4,1619.2,10.12,0.88
Sushi,1 piece,30.0,6.0,18.39,0.21,0.67,13.0,2.92,428.0,4.0,0.9,0.0,1.8,5.517,0.063,0.201,3.9,0.8759999999999999,128.4,1.2,0.27,0.0
Chestnuts,Quantity not specified,28.0,29.0,52.96,0.91,2.2,33.0,3.17,2.0,1.0,26.0,0.0,8.12,14.8288,0.2548,0.6160000000000001,9.24,0.8876,0.56,0.28,7.28,0.0
"Sauce, soya",Quantity not specified,16.0,33.0,4.93,1.45,0.57,74.0,8.14,5493.0,0.0,0.0,0.0,5.28,0.7888,0.2319999999999999,0.0911999999999999,11.84,1.3024,878.88,0.0,0.0,0.0
Chinese cabbage,Quantity not specified,45.0,105.0,2.18,0.8,0.2,19.0,1.5,65.0,223.0,45.0,0.0,47.25,0.981,0.36,0.09,8.55,0.675,29.25,100.35,20.25,0.0
"Bread, whole wheat","1 slice, snack-size",10.0,163.0,43.1,2.56,3.55,77.0,12.3,430.0,0.0,0.0,0.0,16.3,4.31,0.256,0.355,7.7,1.23,43.0,0.0,0.0,0.0
Eggplant,Quantity not specified,40.0,9.0,5.88,0.23,0.18,14.0,0.98,2.0,1.0,2.2,0.0,3.6,2.352,0.092,0.072,5.6,0.392,0.8,0.4,0.88,0.0
Onion,Quantity not specified,15.0,17.0,8.46,0.24,0.08,9.0,0.86,1.0,0.0,8.2,0.0,2.55,1.269,0.036,0.012,1.35,0.129,0.15,0.0,1.2299999999999998,0.0
Garlic,1 clove,3.0,181.0,28.2,1.7,0.38,25.0,6.62,17.0,0.0,10.0,0.0,5.43,0.846,0.051,0.0114,0.75,0.1986,0.51,0.0,0.3,0.0
"Pizza, with vegetables, baked",1 cup,168.0,286.0,7.66,0.97,22.03,27.0,17.55,837.0,98.0,11.0,0.6,480.48,12.8688,1.6296000000000002,37.0104,45.36,29.484,1406.16,164.64,18.48,1.008
Black olives,1 olive,5.0,88.0,6.04,6.28,10.9,4.0,0.84,735.0,17.0,0.9,0.0,4.4,0.302,0.314,0.545,0.2,0.042,36.75,0.85,0.045,0.0
"Salad, lambs' ear",1 cup,255.0,16.0,6.29,0.79,6.39,17.0,8.19,308.0,129.0,7.0,0.0,40.8,16.0395,2.0145,16.2945,43.35,20.8845,785.4,328.95,17.85,0.0
Glucose drink 50g,1 can (20 fl oz),620.0,0.0,11.28,0.04,0.0,0.0,0.47,77.0,0.0,0.0,0.0,0.0,69.93599999999999,0.248,0.0,0.0,2.914,477.4,0.0,0.0,0.0
Mozzarella,1 cubic inch,18.0,693.0,4.44,0.2,20.4,27.0,23.7,699.0,203.0,0.0,0.4,124.74,0.7992,0.036,3.672,4.86,4.266,125.82,36.54,0.0,0.072
Cauliflower,Quantity not specified,55.0,22.0,4.97,0.42,0.28,15.0,1.92,30.0,0.0,48.2,0.0,12.1,2.7335,0.2309999999999999,0.154,8.25,1.056,16.5,0.0,26.51,0.0
"Quiche, with spinach, baked, with cake dough","1 piece (1/8 of 9"" dia)",143.0,231.0,11.68,1.08,23.51,39.0,10.29,317.0,264.0,4.3,0.9,330.33,16.7024,1.5444,33.6193,55.77,14.7147,453.31,377.52,6.149,1.287
Green olives,1 cup,135.0,52.0,3.84,0.49,15.32,11.0,1.03,1556.0,20.0,0.0,0.0,70.2,5.184,0.6615000000000001,20.682,14.85,1.3905,2100.6,27.0,0.0,0.0
"Bell pepper, red, raw ",1 miniature,30.0,6.0,6.71,0.36,2.78,11.0,0.92,126.0,162.0,121.5,0.0,1.8,2.013,0.1079999999999999,0.834,3.3,0.276,37.8,48.6,36.45,0.0
Brazil nut,1 cup,133.0,160.0,11.74,2.43,67.1,376.0,14.32,3.0,0.0,0.7,0.0,212.8,15.6142,3.2319,89.243,500.08,19.0456,3.99,0.0,0.931,0.0
"Bread, pita",1 small pita,28.0,86.0,55.7,2.62,1.2,26.0,9.1,536.0,0.0,0.0,0.0,24.08,15.596000000000002,0.7336,0.336,7.28,2.548,150.08,0.0,0.0,0.0
"Pasta, wholemeal","1 cup, cooked",140.0,13.0,29.89,1.71,1.7,54.0,5.95,235.0,0.0,0.0,0.0,18.2,41.846,2.394,2.38,75.6,8.33,329.0,0.0,0.0,0.0
"Soup of lentils, Dahl (Dhal)",1 cup,255.0,15.0,7.22,0.86,0.64,12.0,2.48,264.0,52.0,1.8,0.0,38.25,18.411,2.193,1.632,30.6,6.324,673.2,132.6,4.59,0.0
"Bread, toast",1 small or thin/very thin slice,22.0,80.0,53.08,3.11,3.63,44.0,9.34,626.0,0.0,0.4,0.0,17.6,11.6776,0.6842,0.7986,9.68,2.0548,137.72,0.0,0.088,0.0
"Pasta, penne","1 oz, dry, yields",80.0,7.0,30.68,1.27,0.92,18.0,5.76,232.0,0.0,0.0,0.0,5.6,24.544,1.016,0.7360000000000001,14.4,4.608,185.6,0.0,0.0,0.0
Salmon,"1 oz, dry, yields",80.0,7.0,30.68,1.27,0.92,18.0,5.76,232.0,0.0,0.0,0.0,5.6,24.544,1.016,0.7360000000000001,14.4,4.608,185.6,0.0,0.0,0.0
Water with lemon juice,Quantity not specified,8.0,6.0,6.9,0.08,0.24,6.0,0.35,1.0,0.0,38.7,0.0,0.48,0.552,0.0064,0.0192,0.48,0.0279999999999999,0.08,0.0,3.096,0.0
"Espresso, with caffeine",1 espresso cup (2 fl oz),60.0,2.0,1.67,0.13,0.18,80.0,0.12,14.0,0.0,0.2,0.0,1.2,1.0019999999999998,0.078,0.1079999999999999,48.0,0.072,8.4,0.0,0.12,0.0
"Egg, scrambled, prepared",1 cup,135.0,46.0,0.91,1.56,15.0,10.0,11.58,248.0,193.0,0.0,2.4,62.1,1.2285,2.106,20.25,13.5,15.633,334.8,260.55,0.0,3.24
"Juice, orange",1 individual school container,124.0,56.0,10.17,0.06,0.34,10.0,0.77,2.0,2.0,28.7,0.4,69.44,12.6108,0.0744,0.4216,12.4,0.9548,2.48,2.48,35.587999999999994,0.496
Ice cubes,Quantity not specified,360.0,6.0,0.0,0.0,0.0,2.0,0.0,3.0,0.0,0.0,0.0,21.6,0.0,0.0,0.0,7.2,0.0,10.8,0.0,0.0,0.0
Water,Quantity not specified,360.0,6.0,0.0,0.0,0.0,2.0,0.0,3.0,0.0,0.0,0.0,21.6,0.0,0.0,0.0,7.2,0.0,10.8,0.0,0.0,0.0
Braided white loaf,1 medium or regular slice,25.0,232.0,54.07,3.69,3.94,30.0,10.36,495.0,0.0,0.0,0.0,58.0,13.5175,0.9225,0.985,7.5,2.59,123.75,0.0,0.0,0.0
Emmental cheese,1 package (6 oz),170.0,1011.0,0.36,0.17,32.34,36.0,29.81,714.0,271.0,0.0,0.6,1718.7,0.612,0.289,54.978,61.2,50.677,1213.8,460.7,0.0,1.02
"Hazelnut-chocolate spread(Nutella, Ovomaltine, Caotina)",1 cup,160.0,137.0,44.14,2.04,37.66,109.0,14.33,50.0,35.0,0.0,0.0,219.2,70.624,3.264,60.25599999999999,174.4,22.928,80.0,56.0,0.0,0.0
"Water, mineral",Quantity not specified,360.0,6.0,0.0,0.0,0.0,2.0,0.0,3.0,0.0,0.0,0.0,21.6,0.0,0.0,0.0,7.2,0.0,10.8,0.0,0.0,0.0
"Quiche, with cheese, baked, with puff pastry",Quantity not specified,70.0,121.0,13.4,1.38,19.54,13.0,9.3,554.0,212.0,0.0,1.3,84.7,9.38,0.966,13.678,9.1,6.51,387.8,148.4,0.0,0.91
Hazelnut,1 nut,1.5,114.0,16.7,4.7,60.75,163.0,14.95,0.0,1.0,6.3,0.0,1.71,0.2504999999999999,0.0705,0.91125,2.445,0.2242499999999999,0.0,0.015,0.0944999999999999,0.0
"Bread, nut",Quantity not specified,49.0,161.0,49.66,2.31,20.1,24.0,6.59,336.0,37.0,0.1,0.6,78.89,24.3334,1.1319,9.849,11.76,3.2291,164.64,18.13,0.049,0.294
"Curry, vegetarian",Quantity not specified,240.0,21.0,8.81,0.68,5.27,16.0,1.6,388.0,66.0,12.3,0.0,50.4,21.144,1.632,12.648,38.4,3.84,931.2,158.4,29.52,0.0
"Mashed potatoes, prepared, with full fat milk, with butter",1 small,130.0,15.0,20.07,1.03,4.02,27.0,2.41,181.0,37.0,9.1,0.0,19.5,26.091,1.339,5.225999999999999,35.1,3.133,235.3,48.1,11.83,0.0
"Spinach, raw",1 leaf,10.0,68.0,2.41,1.26,0.62,93.0,2.85,111.0,283.0,26.5,0.0,6.8,0.241,0.126,0.062,9.3,0.285,11.1,28.3,2.65,0.0
Naan (indien bread),"1 piece (1/4 of 10"" dia)",44.0,64.0,50.23,1.88,7.28,74.0,11.09,508.0,2.0,0.0,0.0,28.16,22.1012,0.8271999999999999,3.2032,32.56,4.8796,223.52,0.88,0.0,0.0
Cream spinach,Quantity not specified,100.0,58.0,6.11,0.76,6.09,67.0,2.39,450.0,257.0,15.1,0.3,58.0,6.11,0.76,6.09,67.0,2.39,450.0,257.0,15.1,0.3
"Sauce, cream",1 cup,260.0,29.0,3.56,0.58,6.57,10.0,1.15,247.0,60.0,7.8,0.2,75.4,9.256,1.5079999999999998,17.082,26.0,2.99,642.2,156.0,20.28,0.52
"Bread, French (white flour)",1 small or thin/very thin slice,32.0,52.0,51.88,3.91,2.42,32.0,10.75,602.0,0.0,0.0,0.0,16.64,16.6016,1.2512,0.7744,10.24,3.44,192.64,0.0,0.0,0.0
Tomme,1 packet,44.0,51.0,25.6,0.12,1.01,15.0,1.52,814.0,5.0,0.5,0.0,22.44,11.264,0.0527999999999999,0.4443999999999999,6.6,0.6688,358.16,2.2,0.22,0.0
"Vegetable mix, peas and carrots",1 Burger King side salad,98.0,32.0,4.58,0.31,0.2,19.0,1.07,39.0,239.0,9.6,0.0,31.36,4.4884,0.3038,0.196,18.62,1.0486,38.22,234.22,9.408,0.0
Parsley,Quantity not specified,4.0,138.0,6.33,6.2,0.79,50.0,2.97,56.0,421.0,133.0,0.0,5.52,0.2532,0.248,0.0316,2.0,0.1188,2.24,16.84,5.32,0.0
Salami,"1 slice, NFS",28.0,24.0,0.72,1.36,31.65,20.0,21.07,1756.0,11.0,0.0,0.9,6.72,0.2016,0.3808,8.862,5.6,5.8996,491.68,3.08,0.0,0.252
"Beetroot, steamed, without addition of salt",1 cup,150.0,122.0,4.51,2.68,2.87,73.0,2.3,365.0,325.0,21.9,0.0,183.0,6.765,4.02,4.305,109.5,3.45,547.5,487.5,32.85,0.0
Dried meat,1 regular,160.0,18.0,0.0,3.21,4.25,17.0,29.72,382.0,5.0,0.0,0.0,28.8,0.0,5.136,6.8,27.2,47.552,611.2,8.0,0.0,0.0
Mixed salad (chopped without sauce),Quantity not specified,74.0,31.0,4.09,0.31,0.19,20.0,1.19,34.0,178.0,15.8,0.0,22.94,3.0266,0.2294,0.1406,14.8,0.8806,25.16,131.72,11.692,0.0
Feta,1 cubic inch,17.0,371.0,5.58,0.07,19.08,18.0,19.71,1034.0,147.0,0.0,0.0,63.07,0.9486,0.0119,3.2436,3.06,3.3507,175.78,24.99,0.0,0.0
Chickpeas,Quantity not specified,92.0,46.0,25.48,2.7,8.91,45.0,8.23,222.0,1.0,1.1,0.0,42.32,23.4416,2.484,8.1972,41.4,7.571600000000001,204.24,0.92,1.012,0.0
Oil,1 tablespoon,14.0,1.0,0.0,0.56,100.0,0.0,0.0,2.0,0.0,0.0,0.0,0.14,0.0,0.0784,14.0,0.0,0.0,0.28,0.0,0.0,0.0
"Potato salad, with mayonnaise yogurt dressing",Quantity not specified,138.0,10.0,15.81,0.3,11.14,16.0,1.51,179.0,4.0,5.8,0.0,13.8,21.8178,0.414,15.373200000000002,22.08,2.0838,247.02,5.52,8.004,0.0
Kolhrabi,Quantity not specified,68.0,24.0,6.2,0.4,0.1,19.0,1.7,20.0,2.0,62.0,0.0,16.32,4.216,0.272,0.068,12.92,1.156,13.6,1.36,42.16,0.0
Alfa sprouts,Quantity not specified,17.0,32.0,2.1,0.96,0.69,27.0,3.99,6.0,8.0,8.2,0.0,5.44,0.357,0.1632,0.1172999999999999,4.59,0.6783,1.02,1.36,1.3939999999999997,0.0
Brussel sprouts,1 cup,90.0,42.0,8.95,1.4,0.3,23.0,3.38,25.0,38.0,85.0,0.0,37.8,8.055,1.2599999999999998,0.27,20.7,3.042,22.5,34.2,76.5,0.0
"Bacon, cooking",Guideline amount if topping,8.0,9.0,1.4,3.14,34.4,27.0,31.3,1500.0,0.0,0.0,0.2,0.72,0.1119999999999999,0.2512,2.752,2.16,2.504,120.0,0.0,0.0,0.016
Pumpkin,Quantity not specified,150.0,91.0,36.34,1.24,9.78,19.0,4.76,252.0,327.0,2.2,0.3,136.5,54.51000000000001,1.86,14.67,28.5,7.14,378.0,490.5,3.3,0.45
"Tea, black",1 small,360.0,0.0,0.3,0.02,0.0,3.0,0.0,3.0,0.0,0.0,0.0,0.0,1.08,0.072,0.0,10.8,0.0,10.8,0.0,0.0,0.0
Tea,1 small,360.0,0.0,0.3,0.02,0.0,3.0,0.0,3.0,0.0,0.0,0.0,0.0,1.08,0.072,0.0,10.8,0.0,10.8,0.0,0.0,0.0
Kiwi,1 fruit,75.0,35.0,14.0,0.24,0.44,16.0,1.06,5.0,4.0,74.7,0.0,26.25,10.5,0.18,0.33,12.0,0.795,3.75,3.0,56.025,0.0
"Chocolate egg, small",1 individual school container,248.0,128.0,10.98,0.24,0.83,13.0,3.44,68.0,55.0,0.6,1.1,317.44,27.2304,0.5952,2.0584,32.24,8.5312,168.64,136.4,1.4879999999999998,2.728
"Zucchini, stewed, without addition of fat, without addition of salt",Quantity not specified,124.0,19.0,11.77,1.67,2.71,23.0,4.33,207.0,7.0,3.2,0.0,23.56,14.5948,2.0708,3.3604000000000003,28.52,5.369199999999999,256.68,8.68,3.968,0.0
"Bread, black","1 slice, snack-size",10.0,68.0,47.5,2.87,3.1,54.0,8.7,596.0,0.0,0.0,0.0,6.8,4.75,0.287,0.31,5.4,0.87,59.6,0.0,0.0,0.0
Mango,1 slice/chunk,25.0,11.0,14.98,0.16,0.38,10.0,0.82,1.0,54.0,36.4,0.0,2.75,3.745,0.04,0.095,2.5,0.205,0.25,13.5,9.1,0.0
"Spinach, steamed, without addition of salt",1 individual container,70.0,120.0,5.07,0.44,32.76,22.0,4.21,620.0,151.0,1.6,0.1,84.0,3.5490000000000004,0.308,22.932,15.4,2.947,434.0,105.7,1.12,0.07
Fish,1 cubic inch,17.0,17.0,6.64,0.86,14.52,27.0,19.32,350.0,29.0,0.9,5.3,2.89,1.1288,0.1462,2.4684,4.59,3.2844,59.5,4.93,0.153,0.901
Crisps,1 cup,250.0,15.0,30.18,1.0,9.59,30.0,2.81,119.0,76.0,0.6,0.0,37.5,75.45,2.5,23.975,75.0,7.025,297.5,190.0,1.5,0.0
Pork,1 cubic inch,17.0,10.0,0.0,0.79,8.67,26.0,27.14,348.0,0.0,0.0,0.7,1.7,0.0,0.1343,1.4738999999999998,4.42,4.6138,59.16,0.0,0.0,0.1189999999999999
Milk Chocolate with hazelnuts,Guideline amount per slice of bread/roll,20.0,108.0,62.36,4.38,29.73,64.0,5.41,41.0,1.0,0.0,0.0,21.6,12.472,0.8759999999999999,5.946000000000001,12.8,1.082,8.2,0.2,0.0,0.0
"Flakes, oat","1 cup, dry, yields",485.0,12.0,11.17,0.67,2.63,24.0,2.18,81.0,16.0,0.0,0.0,58.2,54.1745,3.2495000000000003,12.7555,116.4,10.573000000000002,392.85,77.6,0.0,0.0
"Bread, grain","1 slice, crust not eaten",13.0,196.0,52.21,3.2,3.26,28.0,8.82,408.0,0.0,0.2,0.0,25.48,6.7873,0.416,0.4237999999999999,3.64,1.1466,53.04,0.0,0.026,0.0
"Bread, 5-grain","1 slice, crust not eaten",13.0,196.0,52.21,3.2,3.26,28.0,8.82,408.0,0.0,0.2,0.0,25.48,6.7873,0.416,0.4237999999999999,3.64,1.1466,53.04,0.0,0.026,0.0
Tuna,Quantity not specified,90.0,18.0,0.08,1.67,0.94,23.0,19.0,219.0,17.0,0.0,1.2,16.2,0.072,1.503,0.846,20.7,17.1,197.1,15.3,0.0,1.08
Walnut,1 cup,120.0,88.0,10.91,2.24,69.74,142.0,14.56,0.0,1.0,1.3,0.0,105.6,13.092,2.688,83.68799999999999,170.4,17.472,0.0,1.2,1.56,0.0
Ratatouille,Quantity not specified,108.0,21.0,5.77,0.44,4.73,14.0,1.09,151.0,20.0,18.7,0.0,22.68,6.231599999999999,0.4752,5.1084000000000005,15.12,1.1772,163.08,21.6,20.196,0.0
Bacon,1 tablespoon,7.0,101.0,28.6,0.72,25.9,95.0,32.0,1770.0,0.0,1.9,0.0,7.07,2.002,0.0504,1.813,6.65,2.24,123.9,0.0,0.1329999999999999,0.0
"Bacon, raw",1 tablespoon,7.0,101.0,28.6,0.72,25.9,95.0,32.0,1770.0,0.0,1.9,0.0,7.07,2.002,0.0504,1.813,6.65,2.24,123.9,0.0,0.1329999999999999,0.0
Bouillon,1 individual container,440.0,138.0,11.84,0.67,4.47,13.0,5.45,378.0,32.0,2.9,0.1,607.2,52.096,2.948,19.668,57.2,23.98,1663.2,140.8,12.76,0.44
Sesame seeds,1 cup,128.0,60.0,11.73,6.36,61.21,345.0,20.45,47.0,3.0,0.0,0.0,76.8,15.0144,8.1408,78.3488,441.6,26.176,60.16,3.84,0.0,0.0
Baked potato,1 cup,130.0,5.0,21.45,0.35,0.1,25.0,1.95,181.0,0.0,12.7,0.0,6.5,27.885,0.455,0.13,32.5,2.535,235.3,0.0,16.51,0.0
"Beetroot, raw",1 cup,38.0,117.0,4.33,2.57,0.13,70.0,2.2,226.0,316.0,30.0,0.0,44.46,1.6454,0.9766,0.0494,26.6,0.8360000000000001,85.88,120.08,11.4,0.0
Meat,Quantity not specified,60.0,15.0,0.0,1.91,11.29,22.0,27.13,363.0,3.0,0.0,0.3,9.0,0.0,1.146,6.774,13.2,16.278,217.8,1.8,0.0,0.18
"Risotto, without cheese, cooked",,,,,,,,,,,,,,,,,,,,,,
"Sauce, roast",Quantity not specified,244.0,13.0,3.22,0.78,5.58,21.0,18.97,542.0,16.0,0.1,0.0,31.72,7.856800000000001,1.9032,13.6152,51.24,46.28679999999999,1322.48,39.04,0.244,0.0
Philadelphia,Quantity not specified,30.0,97.0,4.56,0.0,33.49,9.0,5.79,368.0,274.0,0.0,0.0,29.1,1.368,0.0,10.047,2.7,1.737,110.4,82.2,0.0,0.0
"Mushroom, (average), stewed, without addition of fat, without addition of salt",Quantity not specified,255.0,16.0,6.29,0.8,4.11,17.0,8.93,308.0,131.0,7.0,0.0,40.8,16.0395,2.04,10.4805,43.35,22.7715,785.4,334.05,17.85,0.0
"Bell pepper, red, stewed, without addition of fat, without addition of salt",Quantity not specified,255.0,16.0,6.29,0.8,4.11,17.0,8.93,308.0,131.0,7.0,0.0,40.8,16.0395,2.04,10.4805,43.35,22.7715,785.4,334.05,17.85,0.0
White chocolate,1 large/king size,90.0,199.0,59.24,0.24,32.09,12.0,5.87,90.0,9.0,0.5,0.0,179.1,53.316,0.2159999999999999,28.881000000000004,10.8,5.283,81.0,8.1,0.45,0.0
"Pork, escalope",1 item,85.0,20.0,0.0,1.1,13.78,24.0,26.15,364.0,2.0,0.1,0.9,17.0,0.0,0.9350000000000002,11.713,20.4,22.2275,309.4,1.7,0.085,0.765
Breadcrumbs (unspiced),1 medium or regular slice,20.0,52.0,51.88,3.91,2.42,32.0,10.75,602.0,0.0,0.0,0.0,10.4,10.376,0.782,0.484,6.4,2.15,120.4,0.0,0.0,0.0
Fondue,1 tablespoon,13.0,639.0,1.95,0.32,21.2,27.0,19.32,303.0,188.0,0.0,0.2,83.07,0.2535,0.0416,2.756,3.51,2.5116,39.39,24.44,0.0,0.026
Honey,Quantity not specified,7.0,6.0,82.4,0.42,0.0,2.0,0.3,4.0,0.0,0.5,0.0,0.42,5.768000000000001,0.0294,0.0,0.14,0.021,0.28,0.0,0.035,0.0
Strawberries,Quantity not specified,75.0,17.0,7.96,0.26,0.22,13.0,0.64,0.0,1.0,59.6,0.0,12.75,5.97,0.195,0.165,9.75,0.48,0.0,0.75,44.7,0.0
"Pie, plum, baked, with cake dough",1 stick/twist,75.0,33.0,51.23,2.06,23.19,14.0,4.25,418.0,3.0,0.0,0.0,24.75,38.42249999999999,1.545,17.3925,10.5,3.1875,313.5,2.25,0.0,0.0
Mixed nuts,Quantity not specified,28.0,93.0,20.9,2.76,53.82,196.0,19.59,313.0,1.0,0.4,0.0,26.04,5.851999999999999,0.7728,15.0696,54.88,5.4852,87.64,0.28,0.112,0.0
"Bread, wholemeal toast",1 medium or regular slice,25.0,232.0,54.07,3.69,3.94,30.0,10.36,495.0,0.0,0.0,0.0,58.0,13.5175,0.9225,0.985,7.5,2.59,123.75,0.0,0.0,0.0
Red radish,1 slice,1.0,25.0,3.4,0.34,0.1,10.0,0.68,39.0,0.0,14.8,0.0,0.25,0.034,0.0034,0.001,0.1,0.0068,0.39,0.0,0.148,0.0
"Chicken, cut into stripes (only meat)",1 large or thick slice,85.0,7.0,0.0,0.5,8.28,23.0,24.7,316.0,17.0,0.0,0.1,5.95,0.0,0.425,7.037999999999999,19.55,20.995,268.6,14.45,0.0,0.085
Sun-dried tomatoe,Quantity not specified,28.0,110.0,55.76,9.09,2.97,194.0,14.11,107.0,44.0,39.2,0.0,30.8,15.6128,2.5452,0.8316000000000001,54.32,3.9508,29.96,12.32,10.976,0.0
"Bread, Ticino",1 large or thick slice,43.0,71.0,44.38,2.54,5.29,11.0,7.05,388.0,0.0,0.0,0.0,30.53,19.0834,1.0922,2.2747,4.73,3.0315,166.84,0.0,0.0,0.0
Soya drink (soy milk),Guideline amount per fl oz of beverage,2.5,97.0,5.22,0.52,2.05,21.0,3.41,33.0,56.0,0.0,0.7,2.425,0.1304999999999999,0.013,0.05125,0.525,0.08525,0.825,1.4,0.0,0.0175
French beans,Quantity not specified,92.0,84.0,23.32,3.45,6.83,59.0,9.04,221.0,0.0,0.0,0.0,77.28,21.4544,3.1740000000000004,6.2836,54.28,8.316799999999999,203.32,0.0,0.0,0.0
Meat balls,1 Bagel Thin,46.0,105.0,48.89,2.76,1.53,51.0,10.2,439.0,0.0,0.0,0.0,48.3,22.4894,1.2695999999999998,0.7038,23.46,4.692,201.94,0.0,0.0,0.0
Popcorn salted,1 large single serving bag,85.0,6.0,54.99,2.26,30.57,102.0,9.13,764.0,7.0,0.0,0.0,5.1,46.7415,1.921,25.9845,86.7,7.7605,649.4,5.95,0.0,0.0
Beer,1 bottle (40 fl oz),1200.0,4.0,3.55,0.02,0.0,6.0,0.46,4.0,0.0,0.0,0.0,48.0,42.6,0.24,0.0,72.0,5.52,48.0,0.0,0.0,0.0
Orange,1 fruit,154.0,42.0,11.78,0.22,0.14,10.0,0.92,4.0,11.0,56.2,0.0,64.68,18.1412,0.3388,0.2156,15.4,1.4168,6.16,16.94,86.54800000000002,0.0
"Chocolate, filled",1 large/king size,90.0,199.0,59.24,0.24,32.09,12.0,5.87,90.0,9.0,0.5,0.0,179.1,53.316,0.2159999999999999,28.881000000000004,10.8,5.283,81.0,8.1,0.45,0.0
Milk chocolate,1 individual school container,248.0,128.0,10.98,0.24,0.83,13.0,3.44,68.0,55.0,0.6,1.1,317.44,27.2304,0.5952,2.0584,32.24,8.5312,168.64,136.4,1.4879999999999998,2.728
Blueberries,Quantity not specified,75.0,12.0,14.57,0.34,0.31,6.0,0.7,0.0,3.0,8.1,0.0,9.0,10.9275,0.255,0.2325,4.5,0.525,0.0,2.25,6.075,0.0
"Yaourt, yahourt, yogourt ou yoghourt, natural",1 McDonald's parfait,150.0,86.0,16.08,0.43,2.18,21.0,5.25,44.0,7.0,13.5,0.6,129.0,24.119999999999997,0.645,3.27,31.5,7.875,66.0,10.5,20.25,0.9
"Bread, fruit",1 slice,41.0,146.0,47.34,2.07,18.1,25.0,6.01,302.0,34.0,1.3,0.5,59.86,19.4094,0.8486999999999999,7.421,10.25,2.4641,123.82,13.94,0.533,0.205
"Beef, cut into stripes (only meat)",1 cup,135.0,15.0,0.0,2.3,11.32,23.0,28.05,361.0,1.0,0.0,0.2,20.25,0.0,3.105,15.282,31.05,37.8675,487.35,1.35,0.0,0.27
Corn,1 cup,150.0,2.0,18.7,0.52,1.35,37.0,3.27,15.0,9.0,6.8,0.0,3.0,28.05,0.78,2.025,55.5,4.905,22.5,13.5,10.2,0.0
Tête de Moine,1 cubic inch,17.0,388.0,0.46,0.33,24.26,20.0,19.8,842.0,241.0,0.0,0.4,65.96,0.0782,0.0561,4.1242,3.4,3.366,143.14,40.97,0.0,0.068
White radish,1 tablespoon,15.0,56.0,11.29,0.42,0.69,27.0,1.18,420.0,0.0,24.9,0.0,8.4,1.6935,0.063,0.1035,4.05,0.177,63.0,0.0,3.735,0.0
"Sauce, pesto",1 tablespoon,16.0,207.0,5.67,1.87,59.17,61.0,8.61,988.0,91.0,3.6,0.1,33.12,0.9072,0.2992,9.4672,9.76,1.3776,158.08,14.56,0.5760000000000001,0.016
Parmesan,1 cup,100.0,917.0,8.36,0.3,28.75,35.0,29.87,1398.0,230.0,0.0,0.2,917.0,8.36,0.3,28.75,35.0,29.87,1398.0,230.0,0.0,0.2
Celery,1 stick,4.0,46.0,3.32,0.0,0.16,11.0,0.49,97.0,22.0,3.1,0.0,1.84,0.1328,0.0,0.0064,0.44,0.0196,3.88,0.88,0.124,0.0
Oat milk,Quantity not specified,244.0,155.0,5.37,0.21,2.33,8.0,0.66,43.0,0.0,0.0,1.7,378.2,13.1028,0.5124,5.6852,19.52,1.6104000000000005,104.92,0.0,0.0,4.148
"Soup, potato",1 cup,255.0,15.0,10.53,0.34,4.71,13.0,1.51,240.0,60.0,7.1,0.2,38.25,26.8515,0.867,12.0105,33.15,3.8505,612.0,153.0,18.105,0.51
"Crisp bread, Wasa",1 small or thin/very thin slice,32.0,52.0,51.88,3.91,2.42,32.0,10.75,602.0,0.0,0.0,0.0,16.64,16.6016,1.2512,0.7744,10.24,3.44,192.64,0.0,0.0,0.0
Grapes,1 cup,150.0,10.0,19.4,0.18,0.2,8.0,0.9,5.0,3.0,3.2,0.0,15.0,29.1,0.27,0.3,12.0,1.35,7.5,4.5,4.8,0.0
Pistachio,Quantity not specified,28.0,107.0,28.28,4.03,45.82,109.0,21.05,6.0,13.0,3.0,0.0,29.96,7.9184,1.1284,12.8296,30.52,5.894,1.68,3.64,0.84,0.0
Pecan nut,1 nut,1.5,55.0,12.7,2.37,73.28,103.0,9.96,0.0,3.0,1.1,0.0,0.825,0.1904999999999999,0.03555,1.0992,1.545,0.1494,0.0,0.045,0.0165,0.0
Tofu,"1 container, NFS",150.0,89.0,12.27,1.08,2.63,27.0,4.83,30.0,42.0,1.5,1.2,133.5,18.405,1.62,3.945,40.5,7.245,45.0,63.0,2.25,1.8
"Wine, white",Quantity not specified,180.0,9.0,2.6,0.27,0.0,10.0,0.07,5.0,0.0,0.0,0.0,16.2,4.68,0.486,0.0,18.0,0.126,9.0,0.0,0.0,0.0
Smoothie,Quantity not specified,324.0,80.0,11.98,0.19,1.1,14.0,2.32,28.0,20.0,9.5,0.6,259.2,38.8152,0.6156,3.5640000000000005,45.36,7.5168,90.72,64.8,30.78,1.944
Leek,Quantity not specified,85.0,62.0,14.74,2.19,3.05,29.0,1.57,151.0,94.0,10.6,0.0,52.7,12.529000000000002,1.8615,2.5925,24.65,1.3345000000000002,128.35,79.9,9.01,0.0
"Soup, vegetable",1 cup,245.0,12.0,5.08,0.2,0.45,11.0,0.84,243.0,36.0,8.9,0.0,29.4,12.446,0.49,1.1025,26.95,2.058,595.35,88.2,21.805,0.0
Kefir drink,1 fl oz,30.5,124.0,7.48,0.04,0.96,12.0,3.59,38.0,174.0,0.8,1.0,37.82,2.2814,0.0121999999999999,0.2927999999999999,3.66,1.09495,11.59,53.07,0.244,0.305
Semi-hard cheese,Quantity not specified,56.0,16.0,0.0,1.5,10.9,9.0,13.83,941.0,0.0,0.0,0.9,8.96,0.0,0.84,6.104,5.04,7.744800000000001,526.96,0.0,0.0,0.504
"Bread, rye",Quantity not specified,32.0,73.0,48.3,2.83,3.3,40.0,8.5,570.0,0.0,0.4,0.0,23.36,15.456,0.9056,1.056,12.8,2.72,182.4,0.0,0.128,0.0
Guacamole,1 tablespoon,15.0,12.0,8.45,0.54,14.18,28.0,1.95,344.0,7.0,10.2,0.0,1.8,1.2674999999999998,0.081,2.127,4.2,0.2925,51.6,1.05,1.53,0.0
M&M's,1 piece,8.0,163.0,51.77,2.2,33.66,86.0,10.99,64.0,47.0,0.0,0.0,13.04,4.1416,0.176,2.6928,6.88,0.8792,5.12,3.76,0.0,0.0
"Juice, multifruit",1 fl oz (with ice),23.0,21.0,12.1,0.08,0.26,7.0,0.29,5.0,1.0,34.7,0.1,4.83,2.783,0.0184,0.0598,1.61,0.0667,1.15,0.23,7.981,0.023
"Salad, rocket",Quantity not specified,88.0,30.0,17.62,0.39,15.74,13.0,1.25,189.0,521.0,6.1,0.0,26.4,15.5056,0.3432,13.8512,11.44,1.1,166.32,458.48,5.367999999999999,0.0
"Hamburger (Bread, meat, ketchup)",1 hamburger,145.0,73.0,18.74,2.72,14.4,34.0,18.18,333.0,0.0,0.0,0.1,105.85,27.173,3.944,20.88,49.3,26.361,482.85,0.0,0.0,0.145
Cookies,1 medium,30.0,21.0,65.36,5.58,24.72,41.0,5.1,311.0,0.0,0.0,0.0,6.3,19.608,1.6740000000000002,7.415999999999999,12.3,1.53,93.3,0.0,0.0,0.0
Cake (oblong),1 cup,50.0,70.0,61.0,2.72,2.7,11.0,5.4,623.0,44.0,0.0,0.2,35.0,30.5,1.36,1.35,5.5,2.7,311.5,22.0,0.0,0.1
"Pizza, with ham, with mushrooms, baked","1 piece, large pizza",155.0,158.0,29.44,2.39,9.46,21.0,9.51,490.0,61.0,3.5,0.0,244.9,45.632,3.7045,14.663000000000002,32.55,14.7405,759.5,94.55,5.425,0.0
Fruit coulis,1 fl oz (with ice),23.0,21.0,12.1,0.08,0.26,7.0,0.29,5.0,1.0,34.7,0.1,4.83,2.783,0.0184,0.0598,1.61,0.0667,1.15,0.23,7.981,0.023
Plums,Quantity not specified,75.0,6.0,11.42,0.17,0.28,7.0,0.7,0.0,17.0,9.5,0.0,4.5,8.565,0.1275,0.21,5.25,0.525,0.0,12.75,7.125,0.0
"Pizza, with ham, baked","1 piece, large pizza",155.0,158.0,29.44,2.39,9.46,21.0,9.51,490.0,61.0,3.5,0.0,244.9,45.632,3.7045,14.663000000000002,32.55,14.7405,759.5,94.55,5.425,0.0
Dates,1 cup,160.0,39.0,75.03,1.02,0.39,43.0,2.45,2.0,0.0,0.4,0.0,62.4,120.048,1.632,0.6240000000000001,68.8,3.92,3.2,0.0,0.64,0.0
Peanut butter,1 single serving,45.0,49.0,22.31,1.74,51.36,168.0,22.21,426.0,0.0,0.0,0.0,22.05,10.0395,0.7829999999999999,23.112,75.6,9.9945,191.7,0.0,0.0,0.0
"Beans, kidney",Quantity not specified,92.0,26.0,21.19,2.74,6.97,42.0,8.06,218.0,0.0,1.1,0.0,23.92,19.4948,2.5208,6.4124,38.64,7.415200000000001,200.56,0.0,1.012,0.0
Pineapple,1 chunk,15.0,12.0,14.09,0.05,0.21,13.0,0.46,0.0,3.0,58.6,0.0,1.8,2.1135,0.0075,0.0315,1.95,0.069,0.0,0.45,8.79,0.0
Cheddar,"1 cup, cubed",132.0,707.0,2.44,0.16,34.0,27.0,23.3,654.0,316.0,0.0,0.6,933.24,3.2208,0.2112,44.88,35.64,30.756,863.28,417.12,0.0,0.792
Ketchup,1 cup,272.0,14.0,27.1,0.39,0.32,14.0,1.08,928.0,26.0,4.1,0.0,38.08,73.712,1.0608,0.8704000000000001,38.08,2.9376,2524.16,70.72,11.151999999999996,0.0
"Tea, peppermint",Quantity not specified,360.0,2.0,0.2,0.08,0.0,1.0,0.0,1.0,0.0,0.0,0.0,7.2,0.72,0.288,0.0,3.6,0.0,3.6,0.0,0.0,0.0
Fajita (bread only),1 fajita,95.0,54.0,17.99,1.73,11.02,18.0,11.7,455.0,21.0,23.9,0.0,51.3,17.0905,1.6435,10.469,17.1,11.115,432.25,19.95,22.705,0.0
Sweet potato,"1 cup, mashed",250.0,22.0,17.14,0.4,4.53,19.0,1.58,161.0,684.0,12.4,0.0,55.0,42.85,1.0,11.325,47.5,3.95,402.5,1710.0,31.0,0.0
Savoury puff pastry stick,1 patty shell,47.0,10.0,45.7,2.6,38.5,16.0,7.4,253.0,0.0,0.0,0.0,4.7,21.479,1.222,18.095,7.52,3.478,118.91,0.0,0.0,0.0
"Chicken, leg","1 oz, cooked",28.35,12.0,0.0,1.09,13.44,22.0,22.45,396.0,14.0,0.0,0.2,3.4020000000000006,0.0,0.309015,3.81024,6.237,6.364574999999999,112.266,3.969,0.0,0.0567
Red cabbage,1 head,840.0,31.0,6.79,0.0,0.21,13.0,1.24,12.0,56.0,53.9,0.0,260.4,57.036,0.0,1.764,109.2,10.416,100.8,470.4,452.76,0.0
Croissant,1 mini croissant,28.0,37.0,45.8,2.03,21.0,16.0,8.2,300.0,206.0,0.2,0.0,10.36,12.823999999999998,0.5684,5.88,4.48,2.296,84.0,57.68,0.056,0.0
"Pasta, Hörnli","1 oz, dry, yields",115.0,6.0,14.45,0.41,2.21,7.0,2.47,174.0,19.0,0.4,0.1,6.9,16.6175,0.4715,2.5415,8.05,2.8405,200.1,21.85,0.46,0.115
"Chili con carne, prepared",1 can,440.0,20.0,10.82,1.84,3.38,25.0,8.5,357.0,11.0,6.0,0.0,88.0,47.608,8.096,14.872,110.0,37.4,1570.8,48.4,26.4,0.0
"Sweet corn, canned",1 cup,150.0,2.0,18.7,0.52,1.35,37.0,3.27,15.0,9.0,6.8,0.0,3.0,28.05,0.78,2.025,55.5,4.905,22.5,13.5,10.2,0.0
Processed cheese,1 cubic inch,17.0,388.0,0.46,0.33,24.26,20.0,19.8,842.0,241.0,0.0,0.4,65.96,0.0782,0.0561,4.1242,3.4,3.366,143.14,40.97,0.0,0.068
Goat cheese (soft),"1 cup, crumbled",140.0,298.0,0.12,1.62,29.84,29.0,21.58,415.0,407.0,0.0,0.5,417.2,0.168,2.268,41.776,40.6,30.212,581.0,569.8,0.0,0.7
Leaf spinach,Quantity not specified,100.0,58.0,6.11,0.76,6.09,67.0,2.39,450.0,257.0,15.1,0.3,58.0,6.11,0.76,6.09,67.0,2.39,450.0,257.0,15.1,0.3
"Pasta, tortelloni, stuffing",1 cup,190.0,67.0,18.04,1.83,7.51,15.0,12.28,434.0,70.0,0.0,0.8,127.3,34.276,3.477,14.268999999999998,28.5,23.332,824.6,133.0,0.0,1.52
Croissant with chocolate filling,Quantity not specified,70.0,36.0,49.4,2.25,22.79,36.0,7.4,242.0,165.0,0.2,0.0,25.2,34.58,1.575,15.953,25.2,5.18,169.4,115.5,0.14,0.0
Capers,1 spear,40.0,54.0,1.99,0.23,0.43,7.0,0.48,808.0,4.0,2.1,0.0,21.6,0.7959999999999999,0.092,0.172,2.8,0.192,323.2,1.6,0.84,0.0
Sweets / candies,Quantity not specified,100.0,17.0,37.69,0.31,3.48,14.0,1.18,121.0,514.0,9.3,0.0,17.0,37.69,0.31,3.48,14.0,1.18,121.0,514.0,9.3,0.0
Brie,"1 cup, NFS",144.0,184.0,0.45,0.5,27.68,20.0,20.75,629.0,174.0,0.0,0.5,264.96,0.648,0.72,39.8592,28.8,29.88,905.76,250.56,0.0,0.72
Peanut,"1 oz, NFS",28.35,58.0,21.26,1.58,49.66,178.0,24.35,410.0,0.0,0.0,0.0,16.443,6.027210000000001,0.44793,14.07861,50.463,6.903225000000001,116.235,0.0,0.0,0.0
"Syrup (diluted, ready to drink)",1 tablespoon,20.0,0.0,67.21,0.0,0.0,40.0,0.0,150.0,0.0,0.0,0.0,0.0,13.441999999999998,0.0,0.0,8.0,0.0,30.0,0.0,0.0,0.0
"Pasta, spaghetti",Quantity not specified,65.0,27.0,8.05,0.78,1.48,18.0,1.41,419.0,32.0,2.0,0.0,17.55,5.2325,0.507,0.962,11.7,0.9165,272.35,20.8,1.3,0.0
Sauerkraut,Quantity not specified,30.0,30.0,4.16,1.42,2.53,13.0,0.9,659.0,26.0,12.8,0.1,9.0,1.2480000000000002,0.4259999999999999,0.7589999999999999,3.9,0.27,197.7,7.8,3.84,0.03
Mustard,Guideline amount on regular sandwich,5.0,63.0,5.3,1.59,3.38,48.0,4.25,1100.0,4.0,0.4,0.0,3.15,0.265,0.0795,0.1689999999999999,2.4,0.2125,55.0,0.2,0.02,0.0
Vegetables,Quantity not specified,60.0,35.0,5.83,0.26,0.26,13.0,1.19,53.0,206.0,28.7,0.0,21.0,3.498,0.156,0.156,7.8,0.714,31.8,123.6,17.22,0.0
"Soup, tomato",1 cup,245.0,11.0,3.64,0.44,0.41,9.0,0.65,244.0,36.0,5.9,0.0,26.95,8.918000000000001,1.078,1.0045,22.05,1.5925,597.8,88.2,14.455,0.0
Apple pie,1 individual pie,150.0,11.0,37.55,1.23,15.28,8.0,2.7,217.0,40.0,0.5,0.1,16.5,56.325,1.845,22.92,12.0,4.05,325.5,60.0,0.75,0.15
"White bread with butter, eggs and milk",1 submarine,175.0,132.0,26.1,2.5,9.05,19.0,10.46,353.0,92.0,0.0,1.1,231.0,45.675,4.375,15.837500000000002,33.25,18.305000000000003,617.75,161.0,0.0,1.9250000000000005
Savoury puff pastry,1 patty shell,47.0,10.0,45.7,2.6,38.5,16.0,7.4,253.0,0.0,0.0,0.0,4.7,21.479,1.222,18.095,7.52,3.478,118.91,0.0,0.0,0.0
Pomegranate,1 cup,175.0,10.0,18.7,0.3,1.17,12.0,1.67,3.0,0.0,10.2,0.0,17.5,32.725,0.525,2.0475,21.0,2.9225,5.25,0.0,17.849999999999998,0.0
Anchovies,1 can,45.0,232.0,0.0,4.63,9.71,69.0,28.89,3668.0,12.0,0.0,1.7,104.4,0.0,2.0835,4.3695,31.05,13.0005,1650.6,5.4,0.0,0.765
"Tuna, in oil, drained",1 small can,75.0,18.0,0.08,1.67,0.94,23.0,19.0,219.0,17.0,0.0,1.2,13.5,0.06,1.2525,0.705,17.25,14.25,164.25,12.75,0.0,0.9
Lemon pie,1 cup,250.0,40.0,31.48,0.6,16.16,7.0,2.41,169.0,83.0,0.9,0.4,100.0,78.7,1.5,40.4,17.5,6.025,422.5,207.5,2.25,1.0
Pumpkin seeds,Quantity not specified,28.0,52.0,14.71,8.07,49.05,550.0,29.84,18.0,0.0,1.8,0.0,14.56,4.1188,2.2596000000000003,13.733999999999998,154.0,8.3552,5.04,0.0,0.504,0.0
"Beans, white",Quantity not specified,92.0,84.0,23.32,3.45,6.83,59.0,9.04,221.0,0.0,0.0,0.0,77.28,21.4544,3.1740000000000004,6.2836,54.28,8.316799999999999,203.32,0.0,0.0,0.0
Sugar Melon,1 cup,155.0,6.0,9.09,0.17,0.14,10.0,0.54,18.0,3.0,18.0,0.0,9.3,14.0895,0.2635,0.217,15.5,0.8370000000000001,27.9,4.65,27.9,0.0
Mixed seeds,Quantity not specified,28.0,66.0,21.73,4.87,49.61,234.0,21.96,7.0,0.0,1.5,0.0,18.48,6.0844000000000005,1.3636,13.8908,65.52,6.1488,1.96,0.0,0.42,0.0
Hamburger,Quantity not specified,145.0,66.0,20.68,2.83,14.38,21.0,17.51,355.0,0.0,0.5,0.1,95.7,29.986,4.1035,20.851,30.45,25.3895,514.75,0.0,0.725,0.145
"Latte macchiato, with caffeine",1 espresso cup (2 fl oz),60.0,43.0,2.71,0.09,0.83,58.0,1.18,22.0,19.0,0.2,0.4,25.8,1.626,0.0539999999999999,0.498,34.8,0.708,13.2,11.4,0.12,0.24
Celeriac,1 stick,4.0,46.0,3.32,0.0,0.16,11.0,0.49,97.0,22.0,3.1,0.0,1.84,0.1328,0.0,0.0064,0.44,0.0196,3.88,0.88,0.124,0.0
"Pasta, twist",1 cup,155.0,6.0,9.09,0.17,0.14,10.0,0.54,18.0,3.0,18.0,0.0,9.3,14.0895,0.2635,0.217,15.5,0.8370000000000001,27.9,4.65,27.9,0.0
Coriander,1 individual container,75.0,54.0,30.4,0.14,2.0,8.0,1.1,46.0,12.0,2.3,0.0,40.5,22.8,0.105,1.5,6.0,0.825,34.5,9.0,1.725,0.0
"Cenovis, yeast spread",Guideline amount per slice of bread/roll,20.0,108.0,62.36,4.38,29.73,64.0,5.41,41.0,1.0,0.0,0.0,21.6,12.472,0.8759999999999999,5.946000000000001,12.8,1.082,8.2,0.2,0.0,0.0
Milk,Guideline amount per cup of hot cereal,61.0,125.0,4.83,0.0,2.14,12.0,3.33,39.0,58.0,0.1,1.1,76.25,2.9463,0.0,1.3054,7.32,2.0313,23.79,35.38,0.061,0.671
Thickened cream (> 35%),1 boneless wing,35.0,38.0,19.98,0.9,11.82,25.0,11.39,827.0,24.0,0.5,0.1,13.3,6.993,0.315,4.137,8.75,3.9865,289.45,8.4,0.175,0.035
Berries,Quantity not specified,75.0,16.0,9.94,0.28,0.25,11.0,0.66,0.0,2.0,44.2,0.0,12.0,7.455,0.21,0.1875,8.25,0.495,0.0,1.5,33.15,0.0
Meringue,1 meringue,22.0,5.0,75.34,0.1,0.04,7.0,7.17,113.0,0.0,0.0,0.0,1.1,16.5748,0.022,0.0088,1.54,1.5774,24.86,0.0,0.0,0.0
Biscuits,Quantity not specified,45.0,70.0,42.82,2.76,18.92,15.0,7.08,979.0,18.0,0.0,0.0,31.5,19.269,1.242,8.514000000000001,6.75,3.1860000000000004,440.55,8.1,0.0,0.0
Beef,"1 piece/slice, any size",30.0,18.0,0.0,2.66,13.04,20.0,27.13,372.0,4.0,0.0,0.1,5.4,0.0,0.7980000000000002,3.912,6.0,8.139,111.6,1.2,0.0,0.03
Lemon,1 slice or wedge,8.0,26.0,9.32,0.6,0.3,8.0,1.1,2.0,1.0,53.0,0.0,2.08,0.7456,0.048,0.024,0.64,0.088,0.16,0.08,4.24,0.0
Chives,Quantity not specified,3.0,92.0,4.35,1.6,0.73,42.0,3.27,3.0,218.0,58.1,0.0,2.76,0.1304999999999999,0.048,0.0219,1.26,0.0981,0.09,6.54,1.743,0.0
"Birchermüesli, prepared, no sugar added",1 McDonald's parfait,150.0,86.0,16.08,0.43,2.18,21.0,5.25,44.0,7.0,13.5,0.6,129.0,24.119999999999997,0.645,3.27,31.5,7.875,66.0,10.5,20.25,0.9
Crackers,1 miniature/bite size,1.0,120.0,61.3,4.03,26.43,18.0,6.64,726.0,0.0,0.0,0.0,1.2,0.613,0.0403,0.2643,0.18,0.0664,7.26,0.0,0.0,0.0
Fish crunchies (battered),Quantity not specified,85.0,35.0,11.72,1.53,12.89,25.0,14.06,387.0,14.0,0.7,0.0,29.75,9.962,1.3005000000000002,10.9565,21.25,11.951,328.95,11.9,0.595,0.0
"Beef, filet",Quantity not specified,60.0,10.0,0.0,2.74,12.04,22.0,29.41,377.0,1.0,0.0,0.2,6.0,0.0,1.644,7.224,13.2,17.646,226.2,0.6,0.0,0.12
Spring roll (fried),Quantity not specified,120.0,72.0,39.94,0.96,19.82,20.0,4.19,575.0,0.0,1.5,0.0,86.4,47.92799999999999,1.152,23.784,24.0,5.0280000000000005,690.0,0.0,1.8,0.0
Muffin,1 small,70.0,44.0,53.0,1.3,16.07,10.0,4.49,336.0,21.0,0.9,0.1,30.8,37.1,0.91,11.249,7.0,3.143,235.2,14.7,0.63,0.07
Pine nuts,1 nut,0.2,16.0,13.08,5.53,68.37,251.0,13.69,2.0,1.0,0.8,0.0,0.032,0.02616,0.01106,0.13674,0.502,0.02738,0.004,0.002,0.0016,0.0
Chorizo,1 breakfast size link,20.0,37.0,2.63,2.34,28.1,30.0,19.3,983.0,0.0,0.0,1.5,7.4,0.5259999999999999,0.4679999999999999,5.62,6.0,3.86,196.6,0.0,0.0,0.3
Chia grains,Quantity not specified,9.0,631.0,42.12,7.72,30.74,335.0,16.54,16.0,0.0,1.6,0.0,56.79,3.7908,0.6948000000000001,2.7665999999999995,30.15,1.4886,1.44,0.0,0.144,0.0
Frying sausage,Quantity not specified,60.0,22.0,2.4,1.38,27.98,18.0,15.92,840.0,23.0,9.6,0.8,13.2,1.44,0.828,16.788,10.8,9.552,504.0,13.8,5.76,0.48
"French pizza from Alsace, baked","1 large pizza (13-15"" diameter)",1112.0,238.0,31.82,2.23,11.41,24.0,11.8,541.0,58.0,0.1,0.1,2646.56,353.83840000000004,24.7976,126.8792,266.88,131.216,6015.92,644.96,1.112,1.112
Perch fillets (lake),Quantity not specified,85.0,35.0,11.72,1.53,12.89,25.0,14.06,387.0,14.0,0.7,0.0,29.75,9.962,1.3005000000000002,10.9565,21.25,11.951,328.95,11.9,0.595,0.0
Paprika chips,1 100 calorie package,20.0,17.0,68.26,4.59,15.2,37.0,11.79,854.0,0.0,0.0,0.0,3.4,13.652,0.918,3.04,7.4,2.358,170.8,0.0,0.0,0.0
"Gummi bears, fruit jellies, Jelly babies with fruit essence",1 large/king size,120.0,49.0,86.62,0.78,8.26,17.0,1.95,43.0,15.0,0.0,0.0,58.8,103.94400000000002,0.936,9.912,20.4,2.34,51.6,18.0,0.0,0.0
Sauce (savoury),1 dipping-size container,28.0,71.0,7.86,0.56,13.27,6.0,3.14,656.0,19.0,0.0,0.0,19.88,2.2008,0.1568,3.7156,1.68,0.8792,183.68,5.32,0.0,0.0
Blue mould cheese,1 cubic inch,17.3,528.0,2.34,0.31,28.74,23.0,21.4,1146.0,198.0,0.0,0.5,91.344,0.40482,0.05363,4.97202,3.979000000000001,3.7022,198.258,34.254,0.0,0.0865
"Wine, rosé",1 fl oz,30.0,7.0,1.62,0.22,0.0,7.0,0.04,11.0,0.0,0.0,0.0,2.1,0.486,0.066,0.0,2.1,0.012,3.3,0.0,0.0,0.0
Roll with pieces of chocolate,Quantity not specified,55.0,221.0,44.04,2.9,38.81,149.0,12.97,49.0,35.0,0.0,0.0,121.55,24.222,1.595,21.3455,81.95,7.133500000000001,26.95,19.25,0.0,0.0
"Goat, (average), raw",1 cup,135.0,17.0,0.0,3.7,3.01,0.0,26.88,392.0,0.0,0.0,0.0,22.95,0.0,4.995,4.0635,0.0,36.288,529.2,0.0,0.0,0.0
Coconut milk,Guideline amount per fl oz of beverage,2.5,188.0,2.92,0.3,2.08,0.0,0.21,19.0,63.0,0.0,1.0,4.7,0.073,0.0075,0.052,0.0,0.00525,0.475,1.575,0.0,0.025
Dried raisins,1 miniature box (.5 oz),14.0,62.0,79.32,1.79,0.25,36.0,3.3,26.0,0.0,2.3,0.0,8.68,11.1048,0.2506,0.035,5.04,0.4619999999999999,3.64,0.0,0.3219999999999999,0.0
Seeds,Quantity not specified,9.0,631.0,42.12,7.72,30.74,335.0,16.54,16.0,0.0,1.6,0.0,56.79,3.7908,0.6948000000000001,2.7665999999999995,30.15,1.4886,1.44,0.0,0.144,0.0
Falafel (balls),Quantity not specified,28.0,86.0,28.96,2.31,41.19,31.0,8.28,499.0,12.0,7.3,0.0,24.08,8.1088,0.6468,11.5332,8.68,2.3184,139.72,3.36,2.044,0.0
Kebab in pita bread,1 small pita,28.0,86.0,55.7,2.62,1.2,26.0,9.1,536.0,0.0,0.0,0.0,24.08,15.596000000000002,0.7336,0.336,7.28,2.548,150.08,0.0,0.0,0.0
"Mustard, Dijon",Quantity not specified,60.0,24.0,25.16,0.61,18.01,13.0,1.77,509.0,19.0,0.1,0.3,14.4,15.095999999999998,0.366,10.806,7.8,1.062,305.4,11.4,0.06,0.18
Cooked sausage,1 cocktail or miniature link,10.0,9.0,1.42,1.2,27.25,16.0,18.53,814.0,28.0,0.0,1.4,0.9,0.142,0.12,2.725,1.6,1.853,81.4,2.8,0.0,0.14
"Risotto, with mushrooms, cooked",,,,,,,,,,,,,,,,,,,,,,
"Beef, minced (only meat)",Quantity not specified,170.0,25.0,23.54,1.64,4.24,33.0,7.49,263.0,1.0,0.3,0.0,42.5,40.018,2.7880000000000003,7.208000000000001,56.1,12.733,447.1,1.7,0.51,0.0
Chocolate,1 individual container,70.0,37.0,65.31,0.94,13.22,34.0,3.33,289.0,64.0,0.1,0.0,25.9,45.717,0.6579999999999999,9.254,23.8,2.331,202.3,44.8,0.07,0.0
"Salt cake (vegetables, filled)",1 cake or patty,85.0,34.0,10.4,0.72,12.64,30.0,13.63,429.0,47.0,0.5,0.8,28.9,8.84,0.612,10.744000000000002,25.5,11.5855,364.65,39.95,0.425,0.68
Shrimp / prawn (small),1 large/jumbo shrimp,15.0,64.0,4.9,0.53,6.67,26.0,15.46,348.0,63.0,0.0,0.1,9.6,0.735,0.0795,1.0005,3.9,2.319,52.2,9.45,0.0,0.015
Balsamic vinegar,Quantity not specified,30.0,7.0,0.93,0.2,0.0,5.0,0.0,5.0,0.0,0.0,0.0,2.1,0.279,0.06,0.0,1.5,0.0,1.5,0.0,0.0,0.0
"Roll of half-white or white flour, with large void",Quantity not specified,49.0,161.0,49.66,2.31,20.1,24.0,6.59,336.0,37.0,0.1,0.6,78.89,24.3334,1.1319,9.849,11.76,3.2291,164.64,18.13,0.049,0.294
Corn crisps,1 large single serving bag,85.0,53.0,54.54,1.69,36.54,18.0,5.46,928.0,13.0,0.1,0.1,45.05,46.359,1.4365,31.059,15.3,4.641,788.8,11.05,0.085,0.085
Bagel (without filling),1 small,69.0,105.0,48.89,2.76,1.53,51.0,10.2,439.0,0.0,0.0,0.0,72.45,33.7341,1.9044,1.0557,35.19,7.037999999999999,302.91,0.0,0.0,0.0
"Chocolate milk, chocolate drink",Quantity not specified,248.0,100.0,10.68,0.33,0.4,11.0,0.64,91.0,60.0,2.0,1.3,248.0,26.4864,0.8184,0.992,27.28,1.5872,225.68,148.8,4.96,3.224
Cocktail,1 drink,225.0,1.0,7.8,0.02,0.19,0.0,0.0,3.0,0.0,0.0,0.0,2.25,17.55,0.045,0.4275,0.0,0.0,6.75,0.0,0.0,0.0
Croutons,Quantity not specified,5.0,96.0,63.5,2.82,18.3,42.0,10.8,1333.0,7.0,0.0,0.0,4.8,3.175,0.141,0.915,2.1,0.54,66.65,0.35,0.0,0.0
Cod,Quantity not specified,140.0,21.0,11.72,1.02,12.48,20.0,13.52,426.0,4.0,0.0,0.4,29.4,16.408,1.4280000000000002,17.472,28.0,18.928,596.4,5.6,0.0,0.56
"Soya Yaourt, yahourt, yogourt ou yoghourt","1 container, NFS",150.0,89.0,12.27,1.08,2.63,27.0,4.83,30.0,42.0,1.5,1.2,133.5,18.405,1.62,3.945,40.5,7.245,45.0,63.0,2.25,1.8
Veal sausage,Quantity not specified,96.0,14.0,6.74,1.05,8.54,24.0,17.82,147.0,43.0,1.4,0.5,13.44,6.4704,1.008,8.1984,23.04,17.1072,141.12,41.28,1.344,0.48
"Cordon bleu, from pork schnitzel, fried",Quantity not specified,229.0,97.0,9.34,1.32,9.69,30.0,23.66,443.0,49.0,1.8,0.7,222.13,21.3886,3.0228,22.1901,68.7,54.1814,1014.47,112.21,4.122,1.6029999999999998
"Sandwich (ham, cheese and butter)",Quantity not specified,155.0,192.0,19.13,1.58,10.5,36.0,16.58,798.0,38.0,0.0,0.7,297.6,29.651499999999995,2.449,16.275,55.8,25.699,1236.9,58.9,0.0,1.085
"Grits, polenta, maize flour",,,,,,,,,,,,,,,,,,,,,,
Raspberries,Quantity not specified,75.0,16.0,12.9,0.45,0.19,19.0,1.01,0.0,2.0,23.0,0.0,12.0,9.675,0.3375,0.1425,14.25,0.7575,0.0,1.5,17.25,0.0
"Lasagne, vegetable, prepared","1 piece (1/6 of 8"" square, approx 2-1/2"" x 4"")",227.0,268.0,14.52,0.76,9.38,26.0,11.2,384.0,102.0,3.5,0.2,608.36,32.9604,1.7252,21.292600000000004,59.02,25.424,871.68,231.54,7.945,0.454
Dips,1 individual container,70.0,79.0,3.94,0.32,45.18,10.0,2.55,718.0,83.0,1.7,0.1,55.3,2.758,0.224,31.626,7.0,1.785,502.6,58.1,1.19,0.07
Corn Flakes,Quantity not specified,60.0,24.0,78.74,9.85,1.18,28.0,8.13,347.0,0.0,0.3,4.9,14.4,47.244,5.91,0.708,16.8,4.878000000000001,208.2,0.0,0.18,2.94
Swiss chard,"1 cup, shredded",108.0,890.0,1.44,0.13,31.0,33.0,27.0,185.0,292.0,0.0,0.0,961.2,1.5552,0.1404,33.48,35.64,29.16,199.8,315.36,0.0,0.0
Tiramisu,1 cubic inch,10.0,65.0,29.44,1.12,23.86,16.0,5.65,173.0,185.0,1.1,0.6,6.5,2.9440000000000004,0.112,2.386,1.6,0.565,17.3,18.5,0.11,0.06
Peas,Quantity not specified,92.0,46.0,25.48,2.7,8.91,45.0,8.23,222.0,1.0,1.1,0.0,42.32,23.4416,2.484,8.1972,41.4,7.571600000000001,204.24,0.92,1.012,0.0
"Pork, roast",1 cup,135.0,7.0,0.0,0.64,7.49,25.0,26.63,353.0,0.0,0.0,0.4,9.45,0.0,0.8640000000000001,10.1115,33.75,35.9505,476.55,0.0,0.0,0.54
"Sauce, curry",Quantity not specified,32.0,21.0,5.03,0.89,8.22,15.0,1.39,383.0,21.0,5.8,0.1,6.72,1.6096,0.2848,2.6304000000000003,4.8,0.4448,122.56,6.72,1.856,0.032
Apricots,1 slice/chunk,10.0,13.0,11.12,0.39,0.39,10.0,1.4,1.0,96.0,10.0,0.0,1.3,1.112,0.039,0.039,1.0,0.14,0.1,9.6,1.0,0.0
Lamb,Quantity not specified,70.0,50.0,7.44,1.29,11.58,17.0,14.05,467.0,35.0,0.5,0.5,35.0,5.208000000000001,0.903,8.106,11.9,9.835,326.9,24.5,0.35,0.35
"Lasagne, meat, prepared",1 cup,250.0,197.0,11.36,0.79,10.69,22.0,10.83,466.0,81.0,0.7,0.0,492.5,28.4,1.975,26.725,55.0,27.075,1165.0,202.5,1.75,0.0
"Butter, spread, puree almond",1 tablespoon,16.0,263.0,21.11,4.08,52.72,266.0,20.67,232.0,0.0,0.0,0.0,42.08,3.3776,0.6528,8.4352,42.56,3.3072000000000004,37.12,0.0,0.0,0.0
"Cake, salted",1 cake,32.0,15.0,49.88,2.58,21.41,21.0,5.8,186.0,0.0,0.3,0.0,4.8,15.9616,0.8256,6.8512,6.72,1.856,59.52,0.0,0.096,0.0
Shrimp / prawn (large),1 large/jumbo shrimp,15.0,64.0,4.9,0.53,6.67,26.0,15.46,348.0,63.0,0.0,0.1,9.6,0.735,0.0795,1.0005,3.9,2.319,52.2,9.45,0.0,0.015
"Dough (puff pastry, shortcrust, bread, pizza dough)","1 medium pizza (11-12"" diameter)",571.0,224.0,22.77,1.8,17.36,23.0,13.56,622.0,62.0,0.1,0.3,1279.04,130.0167,10.278,99.1256,131.33,77.4276,3551.62,354.02,0.5710000000000001,1.713
Rice waffels,1 thick / Belgian waffle,135.0,299.0,48.39,6.59,9.49,22.0,7.42,460.0,438.0,0.0,0.0,403.65,65.3265,8.8965,12.8115,29.7,10.017,621.0,591.3,0.0,0.0
Cervelat,"1 slice, any size",85.0,6.0,5.12,6.12,4.64,22.0,26.31,384.0,7683.0,0.7,1.2,5.1,4.352,5.202000000000001,3.944,18.7,22.3635,326.4,6530.55,0.595,1.02
"Tea, verveine",Quantity not specified,360.0,2.0,0.2,0.08,0.0,1.0,0.0,1.0,0.0,0.0,0.0,7.2,0.72,0.288,0.0,3.6,0.0,3.6,0.0,0.0,0.0
Sekt,Quantity not specified,180.0,8.0,11.5,0.25,0.06,8.0,0.16,4.0,0.0,4.0,0.0,14.4,20.7,0.45,0.1079999999999999,14.4,0.288,7.2,0.0,7.2,0.0
Sorbet,1 bar,80.0,3.0,27.12,0.17,0.05,2.0,0.79,13.0,0.0,5.2,0.0,2.4,21.696,0.136,0.04,1.6,0.632,10.4,0.0,4.16,0.0
Brioche,Quantity not specified,70.0,44.0,36.31,2.86,27.46,17.0,8.96,437.0,269.0,0.0,0.9,30.8,25.417,2.002,19.222,11.9,6.272,305.9,188.3,0.0,0.63
Coca Cola,Quantity not specified,180.0,8.0,11.5,0.25,0.06,8.0,0.16,4.0,0.0,4.0,0.0,14.4,20.7,0.45,0.1079999999999999,14.4,0.288,7.2,0.0,7.2,0.0
Coca Cola Zero,Quantity not specified,180.0,8.0,11.5,0.25,0.06,8.0,0.16,4.0,0.0,4.0,0.0,14.4,20.7,0.45,0.1079999999999999,14.4,0.288,7.2,0.0,7.2,0.0
"Processed meat, Charcuterie",Quantity not specified,108.0,205.0,4.68,1.1,1.41,30.0,4.91,370.0,222.0,40.5,0.1,221.4,5.054399999999999,1.1880000000000002,1.5228,32.4,5.3028,399.6,239.76,43.74,0.108
Ham croissant,1 croissant,57.0,53.0,47.0,2.15,20.9,24.0,9.2,361.0,204.0,0.2,0.0,30.21,26.79,1.2255,11.913,13.68,5.244,205.77,116.28,0.114,0.0
Mousse,1 cup,170.0,102.0,16.23,0.52,15.12,21.0,4.2,34.0,138.0,0.2,1.5,173.4,27.591,0.884,25.704,35.7,7.14,57.8,234.6,0.34,2.55
"Sauce, sweet & sour",1 tablespoon,16.0,10.0,38.22,0.21,0.02,8.0,0.27,539.0,1.0,8.7,0.0,1.6,6.1152,0.0336,0.0032,1.28,0.0432,86.24,0.16,1.392,0.0
"Ham, turkey",1 can (5 oz) yields,125.0,14.0,0.9,1.3,8.1,19.0,25.3,482.0,53.0,0.0,0.1,17.5,1.125,1.625,10.125,23.75,31.625,602.5,66.25,0.0,0.125
"Rice, whole-grain",1 cup,244.0,18.0,8.86,1.34,7.94,21.0,17.69,522.0,4.0,0.0,0.4,43.92,21.6184,3.2696000000000005,19.3736,51.24,43.1636,1273.68,9.76,0.0,0.976
Mungbean sprouts,Quantity not specified,28.0,13.0,5.94,0.91,0.18,21.0,3.04,6.0,1.0,13.2,0.0,3.64,1.6632000000000002,0.2548,0.0504,5.88,0.8512000000000001,1.68,0.28,3.696,0.0
"Tea, ginger",1 medium,480.0,3.0,0.18,0.01,0.01,1.0,0.02,4.0,0.0,0.0,0.0,14.4,0.8639999999999999,0.048,0.048,4.8,0.096,19.2,0.0,0.0,0.0
Basil,1 leaf,0.5,177.0,2.65,3.17,0.64,64.0,3.15,4.0,264.0,18.0,0.0,0.885,0.01325,0.01585,0.0032,0.32,0.01575,0.02,1.32,0.09,0.0
Light beer,1 can or bottle (16 fl oz),480.0,4.0,1.64,0.03,0.0,5.0,0.24,4.0,0.0,0.0,0.0,19.2,7.871999999999999,0.144,0.0,24.0,1.152,19.2,0.0,0.0,0.0
"Lamb, chop",1 oz yields,20.0,20.0,0.0,1.89,16.27,26.0,27.36,387.0,0.0,0.0,0.1,4.0,0.0,0.3779999999999999,3.254,5.2,5.472,77.4,0.0,0.0,0.02
Coleslaw (chopped without sauce),1 cup,220.0,33.0,10.45,0.14,7.98,11.0,0.94,280.0,79.0,26.9,0.0,72.6,22.99,0.308,17.556,24.2,2.068,616.0,173.8,59.18,0.0
Mix of dried fruits and nuts,1 package,50.0,61.0,51.06,2.13,26.83,112.0,10.9,134.0,1.0,0.9,0.0,30.5,25.53,1.065,13.415,56.0,5.45,67.0,0.5,0.45,0.0
"Beef, roast",1 cup,135.0,15.0,0.0,2.89,9.72,18.0,29.08,372.0,4.0,0.0,0.0,20.25,0.0,3.9015,13.122,24.3,39.258,502.2,5.4,0.0,0.0
Nuts,Quantity not specified,28.0,93.0,20.9,2.76,53.82,196.0,19.59,313.0,1.0,0.4,0.0,26.04,5.851999999999999,0.7728,15.0696,54.88,5.4852,87.64,0.28,0.112,0.0
"Vanille cream, cooked, Custard, Crème dessert",Quantity not specified,125.0,156.0,31.44,0.33,4.91,14.0,4.91,81.0,123.0,1.2,0.1,195.0,39.3,0.4125,6.1375,17.5,6.1375,101.25,153.75,1.5,0.125
Tartar sauce,Quantity not specified,28.0,26.0,13.3,0.25,16.7,6.0,1.0,667.0,11.0,2.3,0.0,7.28,3.724,0.07,4.675999999999999,1.68,0.28,186.76,3.08,0.6439999999999999,0.0
Country fries,1 thick,240.0,23.0,7.94,1.8,21.05,19.0,19.9,432.0,2.0,0.0,0.2,55.2,19.056,4.32,50.52,45.6,47.76,1036.8,4.8,0.0,0.48
"Rice, Jasmin",1 cup,244.0,18.0,8.86,1.34,7.94,21.0,17.69,522.0,4.0,0.0,0.4,43.92,21.6184,3.2696000000000005,19.3736,51.24,43.1636,1273.68,9.76,0.0,0.976
Champagne,Quantity not specified,180.0,8.0,11.5,0.25,0.06,8.0,0.16,4.0,0.0,4.0,0.0,14.4,20.7,0.45,0.1079999999999999,14.4,0.288,7.2,0.0,7.2,0.0
Minced meat,Quantity not specified,170.0,25.0,23.54,1.64,4.24,33.0,7.49,263.0,1.0,0.3,0.0,42.5,40.018,2.7880000000000003,7.208000000000001,56.1,12.733,447.1,1.7,0.51,0.0
"Carrot, steamed, without addition of salt",Quantity not specified,120.0,15.0,22.64,0.97,2.42,11.0,2.16,195.0,204.0,0.9,0.0,18.0,27.168000000000003,1.164,2.904,13.2,2.5920000000000005,234.0,244.8,1.08,0.0
Ebly,1 cup,244.0,18.0,8.86,1.34,7.94,21.0,17.69,522.0,4.0,0.0,0.4,43.92,21.6184,3.2696000000000005,19.3736,51.24,43.1636,1273.68,9.76,0.0,0.976
"High protein pasta (made of lentils, peas, ...)",1 cup,185.0,18.0,18.71,3.1,6.86,33.0,8.38,218.0,0.0,1.3,0.0,33.3,34.6135,5.735,12.691,61.05,15.503000000000002,403.3,0.0,2.405,0.0
Fish fingers (breaded),1 cup,135.0,64.0,4.9,0.53,6.67,26.0,15.46,348.0,63.0,0.0,0.1,86.4,6.615,0.7155,9.0045,35.1,20.871,469.8,85.05,0.0,0.135
Artichoke,1 cup,150.0,21.0,11.95,0.61,0.34,42.0,2.89,60.0,1.0,7.4,0.0,31.5,17.925,0.915,0.5100000000000001,63.0,4.335,90.0,1.5,11.1,0.0
Mango dried,1 cup,160.0,0.0,78.58,0.23,1.18,20.0,2.45,162.0,67.0,42.3,0.0,0.0,125.728,0.368,1.888,32.0,3.92,259.2,107.2,67.68,0.0
Coconut,Guideline amount per fl oz of beverage,2.5,188.0,2.92,0.3,2.08,0.0,0.21,19.0,63.0,0.0,1.0,4.7,0.073,0.0075,0.052,0.0,0.00525,0.475,1.575,0.0,0.025
Waffle,1 thick / Belgian waffle,135.0,299.0,48.39,6.59,9.49,22.0,7.42,460.0,438.0,0.0,0.0,403.65,65.3265,8.8965,12.8115,29.7,10.017,621.0,591.3,0.0,0.0
"Apricot, dried",1 cup,160.0,55.0,62.64,2.66,0.51,32.0,3.39,10.0,180.0,1.0,0.0,88.0,100.224,4.256,0.816,51.2,5.424,16.0,288.0,1.6,0.0
"Watermelon, fresh",Quantity not specified,78.0,7.0,7.55,0.24,0.15,10.0,0.61,1.0,28.0,8.1,0.0,5.46,5.888999999999999,0.1871999999999999,0.1169999999999999,7.8,0.4758,0.78,21.84,6.318,0.0
"Sauce, sweet-salted (asian)",1 cup,150.0,15.0,23.1,1.04,3.54,18.0,4.46,148.0,107.0,8.2,0.0,22.5,34.65,1.56,5.31,27.0,6.69,222.0,160.5,12.3,0.0
Margarine,Quantity not specified,14.0,16.0,0.82,0.02,65.04,2.0,0.17,694.0,819.0,0.1,3.7,2.24,0.1147999999999999,0.0028,9.1056,0.28,0.0238,97.16,114.66,0.014,0.518
Green asparagus,Quantity not specified,68.0,24.0,3.88,2.14,0.12,14.0,2.2,2.0,38.0,5.6,0.0,16.32,2.6384,1.4552,0.0816,9.52,1.4960000000000002,1.36,25.84,3.808,0.0
Shoots,Quantity not specified,28.0,13.0,5.94,0.91,0.18,21.0,3.04,6.0,1.0,13.2,0.0,3.64,1.6632000000000002,0.2548,0.0504,5.88,0.8512000000000001,1.68,0.28,3.696,0.0
Pasta in conch form,"1 oz, dry, yields",80.0,7.0,30.68,1.27,0.92,18.0,5.76,232.0,0.0,0.0,0.0,5.6,24.544,1.016,0.7360000000000001,14.4,4.608,185.6,0.0,0.0,0.0
"Grapefruit, pomelo",Quantity not specified,154.0,22.0,10.66,0.08,0.14,9.0,0.77,0.0,58.0,31.2,0.0,33.88,16.4164,0.1232,0.2156,13.86,1.1858,0.0,89.32,48.048,0.0
"Vegetable au gratin, baked",1 entree (9.1 oz),258.0,95.0,7.24,0.57,5.41,29.0,10.67,499.0,90.0,6.9,0.0,245.1,18.6792,1.4705999999999997,13.9578,74.82,27.5286,1287.42,232.2,17.802,0.0
"Pork, chop","1 chop, any size",180.0,15.0,7.82,0.73,9.04,22.0,18.37,414.0,28.0,0.3,0.4,27.0,14.076,1.314,16.272,39.6,33.066,745.2,50.4,0.54,0.72
Blackberry,1 blackberry,5.0,29.0,9.61,0.62,0.49,20.0,1.39,1.0,11.0,21.0,0.0,1.45,0.4805,0.031,0.0245,1.0,0.0694999999999999,0.05,0.55,1.05,0.0
"Coffee, decaffeinated","1 large pot (60 FO, 12 servings)",1800.0,2.0,0.0,0.05,0.0,5.0,0.1,2.0,0.0,0.0,0.0,36.0,0.0,0.9,0.0,90.0,1.8,36.0,0.0,0.0,0.0
"Fig, dried",1 fig,8.0,162.0,63.9,2.03,0.92,68.0,3.3,10.0,0.0,1.2,0.0,12.96,5.112,0.1624,0.0736,5.44,0.264,0.8,0.0,0.096,0.0
Potato-gnocchi,1 piece,26.0,22.0,17.2,0.83,6.33,12.0,2.44,279.0,62.0,1.9,0.2,5.72,4.472,0.2158,1.6458000000000002,3.12,0.6344,72.54,16.12,0.494,0.052
"Sugar, glazing",1 teaspoon,4.2,1.0,99.6,0.05,0.32,0.0,0.0,1.0,0.0,0.0,0.0,0.042,4.1832,0.0021,0.01344,0.0,0.0,0.042,0.0,0.0,0.0
"Croissant, wholegrain",Quantity not specified,70.0,36.0,47.04,1.99,19.72,16.0,7.75,287.0,193.0,0.4,0.0,25.2,32.928,1.393,13.803999999999998,11.2,5.425,200.9,135.1,0.28,0.0
"Tea, fruit",1 fl oz (with ice),23.0,4.0,9.15,0.04,0.05,5.0,0.2,12.0,1.0,6.3,0.0,0.92,2.1045000000000003,0.0092,0.0115,1.15,0.046,2.76,0.23,1.449,0.0
Tartar (meat),1 cup,225.0,28.0,0.34,2.12,15.6,17.0,17.45,370.0,42.0,0.2,0.6,63.0,0.765,4.77,35.1,38.25,39.2625,832.5,94.5,0.45,1.35
"Curds, natural, with at most 10% fidm",Quantity not specified,113.0,103.0,4.31,0.13,2.3,9.0,11.0,321.0,69.0,0.0,0.0,116.39,4.870299999999999,0.1469,2.599,10.17,12.43,362.73,77.97,0.0,0.0
White asparagus,Quantity not specified,68.0,24.0,3.88,2.14,0.12,14.0,2.2,2.0,38.0,5.6,0.0,16.32,2.6384,1.4552,0.0816,9.52,1.4960000000000002,1.36,25.84,3.808,0.0
Peach,Quantity not specified,150.0,4.0,10.1,0.34,0.27,8.0,0.91,13.0,24.0,4.1,0.0,6.0,15.15,0.5100000000000001,0.405,12.0,1.365,19.5,36.0,6.15,0.0
Curd,Quantity not specified,113.0,103.0,4.31,0.13,2.3,9.0,11.0,321.0,69.0,0.0,0.0,116.39,4.870299999999999,0.1469,2.599,10.17,12.43,362.73,77.97,0.0,0.0
Smoked cooked sausage of pork and beef meat sausag,1 cocktail meatball,9.0,52.0,6.75,1.66,8.18,18.0,13.63,426.0,22.0,2.1,0.4,4.68,0.6075,0.1494,0.7362000000000001,1.62,1.2267,38.34,1.98,0.189,0.036
"Pie, rhubarb, baked, with cake dough",Quantity not specified,130.0,27.0,44.38,0.8,0.2,10.0,0.41,12.0,1.0,0.7,0.0,35.1,57.694,1.04,0.26,13.0,0.5329999999999999,15.6,1.3,0.91,0.0
"Sauce, cocktail",1 tablespoon,17.0,26.0,28.22,0.83,1.05,17.0,1.36,1262.0,18.0,11.6,0.0,4.42,4.7974,0.1411,0.1785,2.89,0.2312,214.54,3.06,1.972,0.0
"Tomato, stewed, without addition of fat, without addition of salt",Quantity not specified,116.0,7.0,14.45,0.45,0.93,13.0,2.46,235.0,0.0,4.7,0.0,8.12,16.761999999999997,0.522,1.0788000000000002,15.08,2.8536,272.6,0.0,5.452000000000001,0.0
Cherries,Quantity not specified,75.0,12.0,16.16,0.11,0.19,12.0,1.04,0.0,3.0,10.4,0.0,9.0,12.12,0.0825,0.1425,9.0,0.78,0.0,2.25,7.8,0.0
Nectarine,1 slice/chunk,20.0,2.0,9.18,0.3,0.28,9.0,1.06,13.0,21.0,2.9,0.0,0.4,1.836,0.06,0.056,1.8,0.212,2.6,4.2,0.58,0.0
Figs,Quantity not specified,50.0,35.0,19.18,0.37,0.3,17.0,0.75,1.0,7.0,2.0,0.0,17.5,9.59,0.185,0.15,8.5,0.375,0.5,3.5,1.0,0.0
Damson plum,1 fruit,75.0,5.0,13.54,0.13,0.23,5.0,0.52,1.0,11.0,5.7,0.0,3.75,10.155,0.0975,0.1725,3.75,0.39,0.75,8.25,4.275,0.0
bean seeds,Quantity not specified,130.0,29.0,13.55,1.44,2.01,35.0,4.98,370.0,0.0,5.7,0.0,37.7,17.615,1.872,2.6129999999999995,45.5,6.474000000000001,481.0,0.0,7.41,0.0
