recipe,default_portion,default_portion_in_grams,Calcium_(MG)_per_100G,Carbohydrates_(G)_per_100G,Iron_(MG)_per_100G,Lipid_(G)_per_100G,Magnesium_(MG)_per_100G,Protein_(G)_per_100G,Sodium_(MG)_per_100G,Vitamin_A_(UG)_per_100G,Vitamin_C_(MG)_per_100G,Vitamin_D_(UG)_per_100G,Calcium_(MG)_total,Carbohydrates_(G)_total,Iron_(MG)_total,Lipid_(G)_total,Magnesium_(MG)_total,Protein_(G)_total,Sodium_(MG)_total,Vitamin_A_(UG)_total,Vitamin_C_(MG)_total,Vitamin_D_(UG)_total
apple crumble,recipe_1_person,132.5,35.132075471698116,46.971698113207545,0.860188679245283,6.593962264150944,31.358490566037737,2.9041509433962265,210.49056603773585,12.09433962264151,1.6660377358490566,0.0,46.550000000000004,62.2375,1.13975,8.737,41.55,3.8480000000000003,278.90000000000003,16.025,2.2075,0.0
apricot bake oatmeal spice,recipe_1_person,177.5,88.07323943661972,16.787408450704227,0.45729577464788734,4.326563380281691,11.952112676056338,3.518859154929578,92.82676056338028,109.68591549295775,8.128591549295775,0.4773239436619719,156.32999999999998,29.797650000000004,0.8117000000000001,7.67965,21.215,6.245975,164.7675,194.6925,14.428249999999998,0.8472500000000001
bacon cabbage green mustard savoy steam,recipe_1_person,53.3125,86.978898007034,9.644689331770223,0.35057444314185227,3.862485345838218,19.895662368112543,4.623493552168816,151.1113716295428,71.93434935521688,9.77620164126612,0.8534583821805393,46.370625,5.141825000000001,0.1869,2.0591875,10.606875,2.4649,80.56125,38.349999999999994,5.2119375,0.455
bacon fry,recipe_1_person,7.5,21.0,65.36,5.58,24.719999999999995,41.0,5.1,311.0,0.0,0.0,0.0,1.575,4.902,0.41850000000000004,1.8539999999999999,3.075,0.3825,23.325,0.0,0.0,0.0
bake italian zucchini,recipe_1_person,19.5875,255.28462029355458,3.863101467772814,0.4220804084237397,12.553797064454372,17.874282067645183,13.3553924696873,402.25462667517553,77.66496490108489,0.9380982769623485,0.3361837906828335,50.003875,0.756685,0.08267500000000001,2.458975,3.501125,2.6159875,78.79162500000001,15.212625,0.18375,0.06585
balsamic dress salad,recipe_1_person,35.25,34.5531914893617,2.858723404255319,0.8219148936170213,10.02936170212766,8.148936170212766,7.888085106382979,360.0425531914894,92.8936170212766,0.07872340425531917,1.3382978723404255,12.18,1.0077,0.289725,3.53535,2.8725,2.78055,126.915,32.745,0.027750000000000004,0.47174999999999995
banana cake,recipe_1_person,621.275,98.1228119592773,19.268988773087603,0.7051635749064424,9.036859683714942,36.42509355760332,5.725530562150417,54.15878636674581,45.000201199146915,0.16437970303005917,0.6750231379018954,609.6125000000001,119.71341000000001,4.381005,56.14375,226.3,35.57129,336.475,279.575,1.02125,4.1937500000000005
basmati rice,recipe_1_person,42.5,25.0,23.54,1.6400000000000001,4.24,33.0,7.489999999999999,263.0,1.0,0.3,0.0,10.625,10.0045,0.6970000000000001,1.8020000000000003,14.025,3.1832499999999997,111.775,0.425,0.1275,0.0
bean margherita pizza,recipe_1_person,72.1875,124.60952380952381,8.53212987012987,0.7913593073593074,4.523774891774891,18.486580086580087,5.045064935064935,353.05627705627705,50.86666666666667,2.272554112554112,0.11108225108225109,89.95250000000001,6.15913125,0.5712625,3.2656,13.344999999999999,3.6419062500000003,254.8625,36.719375,1.6405,0.08018750000000001
berry muesli,recipe_1_person,69.5,18.741007194244606,35.41992805755395,1.3550359712230216,21.61956834532374,19.97841726618705,3.3205755395683454,230.6978417266187,35.97122302158273,1.0597122302158275,0.08992805755395683,13.025,24.61685,0.94175,15.025599999999999,13.885,2.3078,160.335,25.0,0.7365,0.0625
biscuit butter,recipe_1_person,87.5,64.85714285714286,26.917142857142856,0.4742857142857143,12.165714285714285,11.285714285714286,2.81,149.85714285714286,79.85714285714286,0.7,0.5714285714285714,56.75,23.552500000000002,0.415,10.645,9.875,2.45875,131.125,69.875,0.6125,0.5
black forest tart,recipe_1_person,475.0,11.18157894736842,36.01005263157895,2.832421052631579,3.9843684210526322,12.876315789473685,2.134315789473684,104.55263157894737,51.05,1.8976315789473683,0.0518421052631579,53.1125,171.04775,13.454,18.92575,61.1625,10.137999999999998,496.625,242.4875,9.01375,0.24625
boil shrimp,recipe_1_person,95.5,38.774869109947645,11.49759162303665,0.8542670157068062,1.9744764397905759,26.51832460732984,2.278193717277487,165.41884816753927,15.065445026178011,10.499738219895288,0.032722513089005235,37.029999999999994,10.9802,0.815825,1.8856249999999999,25.325,2.175675,157.975,14.3875,10.027250000000002,0.03125
bolognaise sauce,recipe_1_person,5437.0,16.595365091042854,0.7496854883207651,2.585065293360309,12.407677027772667,21.109435350377048,26.01963950708111,361.4750781681074,5.117711973514806,0.02567592422291705,0.09573294096008829,902.29,40.760400000000004,140.54999999999998,674.6053999999999,1147.72,1414.6878,19653.4,278.25,1.396,5.205
bouillon vegetable,recipe_1_person,175.5,44.42022792022792,14.193247863247864,0.8192735042735043,4.6196153846153845,19.08262108262108,2.9366951566951567,254.42307692307693,37.306267806267805,11.922507122507122,0.04487179487179487,77.95750000000001,24.90915,1.4378250000000001,8.107425000000001,33.49,5.1539,446.51250000000005,65.4725,20.924,0.07875
bouquet garni,recipe_1_person,56.25,1.0,7.8,0.02,0.19,0.0,0.0,3.0,0.0,0.0,0.0,0.5625,4.3875,0.01125,0.106875,0.0,0.0,1.6875,0.0,0.0,0.0
bowl noodle vermicelli,recipe_1_person,129.775,26.76825274513581,15.570471970718552,0.5675573107301097,2.909664804469274,10.226931227123869,2.50449239067617,127.27258717010208,12.317857830861104,5.21672124831439,0.0,34.7385,20.206580000000002,0.7365474999999999,3.7760175,13.271999999999998,3.2502050000000002,165.168,15.9855,6.7700000000000005,0.0
bread,recipe_1_person,79.5,90.937106918239,37.80738993710692,4.686320754716981,2.757861635220126,31.660377358490567,5.533647798742138,218.77987421383648,88.00314465408805,1.5738993710691824,0.550314465408805,72.295,30.056874999999998,3.7256249999999995,2.1925,25.17,4.399249999999999,173.93,69.9625,1.25125,0.4375
bread glutenfree,recipe_1_person,245.95,18.459036389510064,3.5129091278715188,0.07481195364911569,46.887578776174024,2.386257369384021,0.49309412482211834,22.56556210611913,8.081317340922952,0.11384427729213255,0.016263468184590364,45.4,8.64,0.18400000000000002,115.32,5.869,1.2127649999999999,55.5,19.876,0.28,0.04
bread olive,recipe_1_person,20.75,26.0,14.580000000000002,1.48,2.68,33.0,5.48,140.0,60.0,34.3,0.1,5.395,3.0253500000000004,0.3071,0.5561,6.8475,1.1371,29.05,12.45,7.117249999999999,0.02075
bread sourdough,recipe_1_person,0.775,106.0,7.73,1.36,10.06,17.0,12.86,384.0,82.0,0.8000000000000002,0.8000000000000002,0.8215,0.0599075,0.01054,0.077965,0.13175,0.099665,2.9760000000000004,0.6355000000000001,0.006200000000000001,0.006200000000000001
bread spell,recipe_1_person,41.0,11.0,19.83,1.08,4.26,8.0,1.87,296.0,28.0,0.10000000000000002,0.20000000000000004,4.51,8.1303,0.4428,1.7466,3.28,0.7667,121.36,11.48,0.04100000000000001,0.08200000000000002
bread wholemeal,recipe_1_person,174.1875,127.10548977395048,31.464513814137067,1.986767133118048,34.581173304628635,17.15859346968066,5.644230355220667,268.36060279870827,8.679224973089344,1.288589881593111,0.009329027628274129,221.401875,54.80725,3.4606999999999997,60.23608125,29.888125000000002,9.83154375,467.450625,15.118125000000001,2.2445625000000002,0.01625
breast chicken,recipe_1_person,156.5,75.60383386581469,10.830079872204472,0.680702875399361,6.256597444089456,33.150159744408946,3.8935143769968055,95.47923322683707,64.88658146964856,7.0007987220447285,0.4340255591054313,118.32,16.949075,1.0653,9.791575,51.88,6.093349999999999,149.425,101.5475,10.95625,0.67925
brownie,recipe_1_person,43.0,72.69767441860465,17.90453488372093,2.0831976744186047,8.500813953488372,47.23837209302326,6.423023255813954,176.34883720930233,59.25,3.512790697674419,0.18023255813953487,31.26,7.69895,0.895775,3.65535,20.312500000000004,2.7619,75.83000000000001,25.4775,1.5105,0.0775
buckwheat pancake,recipe_1_person,139.5,74.31003584229391,31.043906810035843,2.139426523297491,6.788405017921146,32.90860215053763,6.30752688172043,420.3351254480287,37.46415770609319,0.0,0.3010752688172043,103.66250000000001,43.306250000000006,2.9844999999999997,9.469825,45.9075,8.799,586.3675,52.2625,0.0,0.42
bulgur,recipe_1_person,35.0,10.0,18.48,0.9600000000000001,0.24000000000000002,32.0,3.06,219.0,0.0,0.0,0.0,3.5,6.468000000000001,0.336,0.084,11.2,1.0710000000000002,76.65,0.0,0.0,0.0
burger veggie,recipe_1_person,236.275,31.895460797799174,15.278149402179665,2.0152629351391385,8.689843402814518,22.593376362289703,11.681039043487461,341.77663739286845,6.13691672838853,3.7918738757803405,0.02962649455084118,75.361,36.098447500000006,4.7615625,20.531927500000002,53.3825,27.599375,807.5327500000001,14.5,8.959249999999999,0.07
butter campanelle parsley pasta,recipe_1_person,65.75,88.06844106463879,25.358479087452473,1.3893155893536124,10.787072243346008,15.82509505703422,5.92425855513308,211.73764258555133,52.239543726235745,0.06692015209125476,0.13155893536121674,57.904999999999994,16.6732,0.913475,7.0925,10.405,3.8951999999999996,139.2175,34.3475,0.044000000000000004,0.08650000000000001
butter herb,recipe_1_person,46.25,27.0,41.64,3.04,16.58,23.0,8.34,620.0,13.0,0.2,0.2,12.4875,19.2585,1.406,7.66825,10.6375,3.8572499999999996,286.75,6.0125,0.0925,0.0925
buttery maple syrup,recipe_1_person,22.5,4.0,17.97,0.04,0.17,4.0,0.25,1.0,0.0,40.8,0.0,0.9,4.04325,0.009000000000000001,0.03825,0.9,0.05625,0.225,0.0,9.18,0.0
cake carrot,recipe_1_person,149.625,32.2531328320802,20.68734335839599,0.4813617376775271,11.756708437761068,12.601503759398497,1.2891979949874686,216.484544695071,570.203842940685,16.659565580618214,1.0818713450292399,48.258750000000006,30.9534375,0.7202375,17.590974999999997,18.855,1.9289625,323.915,853.1675,24.926875000000003,1.61875
cake chocolate,recipe_1_person,293.5,25.308347529812607,55.51319420783645,0.7488671209540033,6.306192504258943,9.89778534923339,2.6799829642248723,150.0511073253833,13.356047700170357,4.166098807495741,0.1272572402044293,74.28,162.93122499999998,2.1979249999999997,18.508674999999997,29.05,7.86575,440.4,39.2,12.2275,0.3735
cake lemon,recipe_1_person,4.4,1.0,99.64829545454545,0.0528409090909091,0.22909090909090912,0.0,0.0,1.2840909090909092,0.0,0.0,0.0,0.044,4.384525,0.0023250000000000002,0.010080000000000002,0.0,0.0,0.0565,0.0,0.0,0.0
cake marble,recipe_1_person,51.25,42.41463414634146,19.235365853658536,1.4970731707317073,43.84975609756098,144.14634146341464,18.974390243902437,364.390243902439,0.0,0.0,0.0,21.7375,9.858125,0.76725,22.473,73.875,9.724375,186.75,0.0,0.0,0.0
cantonese fry rice,recipe_1_person,81.5,19.938650306748468,6.685521472392638,0.31478527607361967,8.074846625766872,11.687116564417177,1.9306748466257668,184.96932515337423,24.447852760736197,68.43251533742331,0.05521472392638037,16.25,5.4487,0.25655,6.5809999999999995,9.525,1.5735000000000001,150.75,19.925,55.7725,0.045
cappuccino,recipe_1_person,4.5,2.0,1.67,0.13,0.18,80.0,0.12000000000000001,14.0,0.0,0.2,0.0,0.09,0.07515,0.005849999999999999,0.0081,3.6,0.0054,0.63,0.0,0.009000000000000001,0.0
carbonara sauce,recipe_1_person,68.75,399.90909090909093,27.96727272727273,1.1363636363636365,16.619090909090907,24.09090909090909,13.535454545454545,750.7272727272727,118.72727272727273,0.0,0.7818181818181819,274.9375,19.2275,0.78125,11.425625,16.5625,9.305625,516.125,81.625,0.0,0.5375
cashew sauce vegan,recipe_1_person,18.5,33.972972972972975,22.63918918918919,4.3621621621621625,42.69810810810811,185.72972972972974,21.345675675675675,556.972972972973,3.5675675675675675,0.0,0.12972972972972974,6.285,4.18825,0.8069999999999999,7.899150000000001,34.36,3.94895,103.04,0.66,0.0,0.024000000000000004
caviar eggplant,recipe_1_person,10.0,9.0,5.88,0.23000000000000004,0.18,14.0,0.9800000000000001,2.0,1.0,2.2,0.0,0.9,0.588,0.023000000000000003,0.018,1.4,0.098,0.2,0.1,0.22,0.0
cheese cream,recipe_1_person,9.0,39.22222222222222,6.577777777777778,0.10222222222222223,42.373333333333335,6.0,1.6066666666666667,336.1111111111111,189.22222222222223,0.4222222222222222,0.9777777777777779,3.53,0.5920000000000001,0.0092,3.8136,0.54,0.1446,30.25,17.03,0.038,0.088
cheese fresh,recipe_1_person,72.25,115.3287197231834,12.42107266435986,0.33854671280276816,4.054048442906574,11.622837370242214,3.7714186851211076,121.42906574394463,31.017301038062282,1.0155709342560553,0.43771626297577854,83.325,8.974224999999999,0.2446,2.92905,8.3975,2.72485,87.7325,22.41,0.73375,0.31625
cheesecake,recipe_1_person,75.0,126.46666666666667,25.678,1.462,3.3433333333333333,11.866666666666667,3.7780000000000005,154.06666666666666,17.133333333333333,4.18,0.6666666666666666,94.85,19.2585,1.0964999999999998,2.5075000000000003,8.9,2.8335,115.55,12.85,3.135,0.5
chicken,recipe_1_person,65.0,12.288461538461538,12.376923076923077,2.0334615384615384,6.459038461538462,22.846153846153847,21.73096153846154,314.03846153846155,27.25,2.9692307692307693,0.08461538461538462,7.9875,8.045,1.32175,4.198375,14.850000000000001,14.125125,204.12500000000003,17.7125,1.93,0.05500000000000001
chicken coconut curry milk potato sweet,recipe_1_person,76.875,26.682926829268293,17.13447154471545,0.8785365853658536,5.024552845528456,17.642276422764226,3.1784552845528453,227.66666666666666,123.6829268292683,9.970731707317073,0.07804878048780488,20.5125,13.172125,0.6753750000000001,3.862625,13.5625,2.4434375000000004,175.01874999999998,95.08125,7.665,0.060000000000000005
chicken wing,recipe_1_person,1032.25,767.9687575684185,14.145735044805036,1.1068394284330347,13.354284330346331,42.276822475175585,11.50826592395253,2356.502058609833,147.86776459191088,0.08449987890530396,3.5577621700169533,7927.3575,146.01934999999997,11.425349999999998,137.84959999999998,436.40250000000003,118.794075,24324.9925,1526.365,0.8722500000000002,36.725
chicory griddle,recipe_1_person,113.25,25.509933774834437,17.52132450331126,1.0629139072847682,2.674900662251656,21.56953642384106,8.766092715231787,339.29801324503313,14.370860927152318,3.9880794701986755,0.0,28.89,19.8429,1.20375,3.029325,24.427500000000002,9.9276,384.255,16.275,4.516500000000001,0.0
chip french fry,recipe_1_person,32.5,5.0,20.45,0.34,4.25,24.0,1.87,166.0,19.0,12.1,0.0,1.625,6.64625,0.1105,1.38125,7.8,0.60775,53.95,6.175,3.9325,0.0
chocolate cooky,recipe_1_person,118.5,64.9535864978903,14.387837552742615,0.23642405063291141,5.258132911392405,13.679324894514767,1.796613924050633,78.59915611814345,74.15611814345992,15.447784810126583,0.21308016877637131,76.97,17.0495875,0.2801625,6.230887500000001,16.21,2.1289875,93.14,87.875,18.305625,0.2525
compote fruit,recipe_1_person,165.5,7.888217522658611,18.11673716012085,0.1941691842900302,0.23984894259818734,4.196374622356496,0.17099697885196374,28.885196374622357,6.824773413897281,17.076132930513594,0.0,13.055,29.9832,0.32134999999999997,0.39695,6.945,0.283,47.805,11.295,28.260999999999996,0.0
cotta panna,recipe_1_person,16.25,157.1846153846154,40.88492307692308,6.877538461538462,0.7609230769230768,120.6923076923077,10.461692307692307,203.76923076923077,343.61538461538464,47.473846153846154,0.0,25.5425,6.643800000000001,1.1176,0.12364999999999998,19.6125,1.7000249999999997,33.112500000000004,55.8375,7.714500000000001,0.0
couscous,recipe_1_person,69.0,14.094202898550725,5.895760869565217,0.3867028985507246,2.9918115942028987,12.565217391304348,4.70963768115942,107.55434782608695,55.20289855072464,75.6804347826087,0.035507246376811595,9.725,4.068075,0.26682500000000003,2.06435,8.67,3.24965,74.2125,38.089999999999996,52.2195,0.0245
couscous israeli tabbouleh,recipe_1_person,8.75,29.0,21.78,1.64,12.84,13.0,3.68,317.0,24.0,6.2,0.1,2.5375,1.9057500000000003,0.1435,1.1235,1.1375,0.322,27.7375,2.1,0.5425,0.00875
cream dairy ice,recipe_1_person,18.0,20.88888888888889,20.964444444444446,0.8933333333333334,10.836666666666666,39.44444444444444,3.5877777777777777,595.7777777777778,0.5555555555555556,25.88888888888889,0.0,3.76,3.7736,0.1608,1.9506000000000001,7.1,0.6457999999999999,107.24000000000001,0.1,4.66,0.0
croque monsieur,recipe_1_person,79.5,573.6415094339623,5.500000000000001,0.9106289308176102,23.355094339622642,43.38364779874214,18.589748427672955,575.0314465408806,269.52830188679246,7.547169811320755,0.389937106918239,456.045,4.3725000000000005,0.72395,18.5673,34.489999999999995,14.778849999999998,457.15,214.27499999999998,6.0,0.31
cucumber pickle,recipe_1_person,863.25,3.264118158123371,0.2489661164205039,0.010495221546481321,0.012858384013900956,1.2519548218940053,0.13249348392701996,5.5134665508253695,0.08688097306689835,0.04865334491746308,0.0,28.1775,2.1491999999999996,0.0906,0.111,10.807500000000001,1.1437499999999998,47.595,0.75,0.42,0.0
curry green lentil soup,recipe_1_person,127.3875,82.57305465606908,20.967880482778927,1.7612717103326465,13.55868118928466,47.716710823275434,6.335323324502012,253.3074281228535,74.19507408497694,6.081493474634481,0.19605534294966148,105.18775000000001,26.710458749999997,2.24364,17.272064999999998,60.785125,8.07041,322.682,94.51525000000001,7.7470625,0.24974999999999997
dauphinoise gratin potato scallop,recipe_1_person,52.0,71.75,19.947596153846156,1.433798076923077,11.495961538461538,44.24519230769231,4.737836538461538,204.29807692307693,52.73076923076923,6.308653846153846,0.02403846153846154,37.31,10.372750000000002,0.745575,5.9779,23.0075,2.4636750000000003,106.235,27.42,3.2805,0.0125
dress french salad,recipe_1_person,68.0,14.0,27.1,0.39,0.32,14.0,1.08,928.0,26.0,4.1,0.0,9.52,18.428,0.2652,0.21760000000000002,9.52,0.7343999999999999,631.04,17.68,2.7879999999999994,0.0
dress italian salad,recipe_1_person,6.925,435.8050541516245,14.82736462093863,0.6994223826714802,18.83505415162455,24.93501805054152,17.429061371841154,772.9133574007219,106.94223826714803,1.0830324909747293,0.29747292418772564,30.1795,1.0267950000000001,0.048435,1.3043275,1.72675,1.2069625,53.524249999999995,7.405749999999999,0.075,0.0206
dress salad,recipe_1_person,198.625,16.697293895531782,7.9721774701069865,0.8033291378225299,5.240232850849591,11.93958464443046,3.092876022655758,195.48080553807426,15.470736312146004,13.523222152297043,0.13278791692888608,33.165,15.8347375,1.5956125,10.4084125,23.715,6.143225,388.27374999999995,30.72875,26.860500000000002,0.26375
dumpling,recipe_1_person,227.875,53.6105320899616,13.812978606692264,0.38078990674712015,4.6289138782227095,8.12671420735052,1.0802852441031268,615.5260559517279,18.30828304991772,2.387877125617115,0.04827207899067471,122.165,31.476324999999996,0.8677250000000001,10.5481375,18.51875,2.4617,1402.63,41.720000000000006,5.441375,0.11
easy ham hock terrine,recipe_1_person,44.75,139.85474860335196,19.412178770949723,0.9972067039106145,16.60413407821229,31.53072625698324,4.625474860335196,57.89385474860335,197.0,0.5581005586592179,0.29329608938547486,62.585,8.686950000000001,0.44625,7.43035,14.11,2.0699,25.9075,88.1575,0.24975,0.13125
empanadillas galician gallegas recipe turnover,recipe_1_person,195.0,26.621794871794872,12.322500000000002,2.1335897435897437,7.9512820512820515,20.044871794871796,14.635064102564103,297.1666666666667,858.4615384615385,3.6205128205128205,0.5448717948717948,51.9125,24.028875,4.1605,15.505,39.0875,28.538375000000002,579.475,1674.0,7.059999999999999,1.0625
evan funke handmade pasta tagliatelle ’,recipe_1_person,36.25,89.0,5.52,0.72,10.35,12.0,7.79,363.0,143.0,0.0,1.7,32.2625,2.001,0.26099999999999995,3.751875,4.35,2.8238749999999997,131.5875,51.8375,0.0,0.61625
fennel,recipe_1_person,81.25,28.53846153846154,16.138461538461538,1.1715384615384616,2.1076923076923078,21.0,5.003076923076923,159.23076923076923,66.92307692307692,12.153846153846153,0.0,23.1875,13.1125,0.951875,1.7125,17.0625,4.065,129.375,54.375,9.875,0.0
flaky pastry,recipe_1_person,63.75,18.0,10.07,0.36,0.24,16.0,1.41,296.0,206.0,11.2,0.0,11.475,6.419625,0.22949999999999998,0.153,10.2,0.8988749999999999,188.7,131.325,7.14,0.0
focaccia,recipe_1_person,166.0,87.03915662650603,48.001506024096386,2.7920783132530116,6.131024096385542,26.822289156626507,9.271686746987951,456.71385542168673,1.6867469879518073,0.15060240963855423,0.4186746987951807,144.485,79.6825,4.634849999999999,10.1775,44.525000000000006,15.391,758.1450000000001,2.8,0.25,0.695
fruit salad,recipe_1_person,101.5,12.83743842364532,44.93546798029556,0.5736453201970444,1.3118226600985223,14.31527093596059,1.5566502463054188,9.64039408866995,46.79802955665025,17.783251231527093,0.0,13.03,45.6095,0.58225,1.3315000000000001,14.53,1.58,9.785,47.5,18.05,0.0
fruit tart,recipe_1_person,375.0,49.706,12.22462,0.6189666666666667,4.773573333333333,6.761333333333333,3.4657533333333332,17.382666666666665,73.15533333333333,4.981,1.0609333333333333,186.39749999999998,45.842325,2.321125,17.9009,25.355,12.996575,65.185,274.33250000000004,18.67875,3.9785000000000004
fry halloumi,recipe_1_person,203.25,10.161131611316113,6.1162361623616235,0.5389790897908979,5.648892988929889,7.992619926199262,4.471586715867159,179.08979089790898,19.382533825338253,0.006888068880688807,0.15559655596555963,20.6525,12.431249999999999,1.095475,11.481375000000002,16.245,9.0885,364.0,39.395,0.014000000000000002,0.31625
greek parfait recipe yogurt yogurt,recipe_1_person,5.0,41.0,66.27,1.56,17.5,69.0,7.17,167.0,2.0,0.2,0.0,2.05,3.3134999999999994,0.07800000000000001,0.875,3.45,0.35850000000000004,8.35,0.1,0.01,0.0
greek salad,recipe_1_person,92.125,107.90773405698779,10.334871099050204,1.4081411126187244,0.7991451831750339,16.77069199457259,5.993554952510176,234.26322930800544,93.29715061058344,55.505563093622804,0.052103120759837175,99.41,9.521,1.2972499999999998,0.7362125,15.45,5.5215625,215.815,85.94999999999999,51.13450000000001,0.048
green tea,recipe_1_person,62.75,19.48207171314741,4.0762948207171315,1.3356175298804782,7.52406374501992,32.39442231075697,9.418804780876494,115.08366533864542,19.358565737051794,2.1482071713147413,0.0,12.225000000000001,2.557875,0.8381000000000001,4.721349999999999,20.3275,5.910299999999999,72.21499999999999,12.1475,1.348,0.0
grissini,recipe_1_person,35.5,4.366197183098592,33.328450704225354,0.3298591549295775,0.6430985915492958,5.47887323943662,3.783661971830986,24.450704225352112,0.0,0.9408450704225352,0.0,1.55,11.8316,0.1171,0.22830000000000003,1.945,1.3432,8.68,0.0,0.334,0.0
gruyère puff,recipe_1_person,32.5,44.0,31.55,5.8,47.72,251.0,14.78,208.0,0.0,0.0,0.0,14.3,10.25375,1.885,15.508999999999999,81.575,4.8035,67.6,0.0,0.0,0.0
hummus,recipe_1_person,204.3,34.94028389623103,9.120418502202643,2.3123910915320605,32.980487028879104,71.40137053352912,14.57693098384728,288.28365149290255,47.62383749388154,4.790699951052374,0.10034263338228096,71.383,18.633015,4.724215000000001,67.379135,145.873,29.780669999999997,588.9634999999998,97.29549999999999,9.7874,0.205
ice tea,recipe_1_person,175.25,172.9700427960057,24.368644793152637,1.7572182596291013,10.02435092724679,22.674750356633382,10.65098430813124,448.3366619115549,61.288159771754636,5.937945791726105,0.34022824536376606,303.13,42.70605,3.0795249999999994,17.567675,39.7375,18.66585,785.71,107.4075,10.40625,0.59625
macaroon,recipe_1_person,162.5,57.76923076923077,12.255538461538462,0.9134615384615384,11.144615384615385,60.784615384615385,6.050692307692308,80.7,4.292307692307692,5.206153846153846,0.025384615384615384,93.875,19.91525,1.4843749999999998,18.11,98.775,9.832375,131.1375,6.975,8.46,0.041249999999999995
mayonnaise,recipe_1_person,46.25,24.0,12.669999999999998,0.8,3.05,21.0,2.7700000000000005,146.0,207.0,3.1,0.0,11.1,5.859875,0.37,1.410625,9.7125,1.281125,67.525,95.7375,1.43375,0.0
meatloaf,recipe_1_person,309.5875,23.0348043767917,17.489245366818754,1.7176242580853556,5.876640287479307,18.834416764242743,10.893588646182423,434.43041143457026,10.008317519279688,1.0554366697621835,0.2904590786126701,71.312875,54.1445175,5.317549999999999,18.193343750000004,58.309,33.72518875,1344.94225,30.9845,3.2675,0.8992249999999999
miso soup,recipe_1_person,62.25,168.43775100401606,44.637831325301214,1.9889959839357432,25.48293172690763,130.03614457831324,10.423333333333332,32.65461847389558,2.465863453815261,0.19156626506024096,0.12289156626506025,104.85249999999999,27.787050000000004,1.23815,15.863124999999998,80.9475,6.488525,20.3275,1.5350000000000001,0.11925000000000001,0.0765
mix vegetable,recipe_1_person,131.65,25.321306494492973,13.15955943790353,1.2871021648309913,5.125472844663881,33.80288644132168,5.6534941131788825,251.92556019749335,275.26471705279147,1.6973034561336877,0.055639954424610706,33.335499999999996,17.324559999999998,1.69447,6.747685,44.50150000000001,7.442825,331.66,362.38599999999997,2.2345,0.07325000000000001
muesli,recipe_1_person,123.25,81.7971602434077,32.31872210953347,1.9352129817444221,11.134584178498985,81.14604462474645,8.280669371196755,24.135902636916835,31.52129817444219,1.194523326572008,0.5963488843813387,100.815,39.832825,2.38515,13.723374999999999,100.0125,10.205925,29.747500000000002,38.85,1.47225,0.735
mushroom sauce,recipe_1_person,91.75,8.626702997275205,8.781880108991825,0.5070572207084468,1.6841961852861036,11.618528610354224,2.031607629427793,632.8474114441417,5.994550408719346,0.6335149863760218,0.10899182561307902,7.915,8.057375,0.465225,1.54525,10.66,1.864,580.6375,5.5,0.58125,0.1
negroni prosecco variation,recipe_1_person,22.5,5.0,13.469999999999999,0.25,0.05999999999999999,5.0,0.2,3.0,0.0,1.0,0.0,1.125,3.03075,0.05625,0.013499999999999998,1.125,0.045,0.675,0.0,0.225,0.0
peachaperol spritz,recipe_1_person,88.125,11.381560283687943,12.883021276595745,0.0957163120567376,0.6761134751773049,7.102127659574468,0.317063829787234,8.058156028368794,12.921985815602836,13.193475177304965,0.0,10.03,11.3531625,0.08435000000000001,0.5958249999999999,6.25875,0.27941250000000006,7.10125,11.3875,11.62675,0.0
pear rooibos tea,recipe_1_person,100.0,14.2,27.97,0.84,0.252,13.8,0.7480000000000001,4.2,0.0,2.8,0.0,14.2,27.97,0.84,0.252,13.799999999999999,0.7480000000000001,4.2,0.0,2.8,0.0
potato steam,recipe_1_person,31.25,8.0,16.26,0.38,3.39,23.0,1.99,147.0,0.0,15.1,0.0,2.5,5.081250000000001,0.11875,1.059375,7.1875,0.621875,45.9375,0.0,4.71875,0.0
praline,recipe_1_person,4.5,181.0,35.84,2.54,45.34,188.0,14.11,385.0,0.0,0.0,0.0,8.145,1.6128000000000002,0.1143,2.0403000000000002,8.46,0.63495,17.325,0.0,0.0,0.0
quinoa,recipe_1_person,196.0,37.50892857142857,10.578048469387753,1.1098341836734693,6.856836734693878,30.413265306122447,13.60466836734694,367.797193877551,18.502551020408163,0.16645408163265307,0.1914540816326531,73.5175,20.732974999999996,2.175275,13.439400000000001,59.61,26.665150000000004,720.8825,36.265,0.32625,0.37525
raclette,recipe_1_person,323.25,157.29775715390565,8.13890177880897,0.46175560711523583,8.180657385924208,19.177107501933488,6.429358081979892,108.81206496519721,76.65429234338747,6.063263727764888,0.12374323279195669,508.465,26.309,1.4926249999999999,26.443975000000002,61.99,20.7829,351.73499999999996,247.785,19.5995,0.4
rice wild,recipe_1_person,17.5,44.0,36.31,2.86,27.46,17.0,8.96,437.0,269.0,0.0,0.9,7.7,6.35425,0.5005,4.8055,2.975,1.568,76.475,47.075,0.0,0.1575
roast romanesco,recipe_1_person,7.0,178.0,51.92,3.71,6.44,26.0,10.84,465.0,1.0,0.2,0.0,12.46,3.6344,0.2597,0.45080000000000003,1.82,0.7587999999999999,32.55,0.07,0.014000000000000002,0.0
rosti,recipe_1_person,83.75,17.761194029850746,11.910000000000002,0.4334328358208955,6.867164179104478,16.582089552238806,3.6704477611940294,286.1044776119403,54.80597014925373,6.8283582089552235,0.15223880597014924,14.875,9.974625,0.363,5.751250000000001,13.8875,3.074,239.61249999999998,45.9,5.71875,0.1275
sauce tomato,recipe_1_person,107.75,8.14385150812065,7.410487238979118,0.42993039443155456,0.32712296983758704,7.215777262180975,0.6465429234338748,261.0580046403712,7.2227378190255225,6.180510440835267,0.0,8.775,7.984800000000001,0.46325,0.35247500000000004,7.775,0.69665,281.29,7.7825,6.6594999999999995,0.0
sausage swirl,recipe_1_person,114.5,0.1965065502183406,0.031004366812227072,0.026200873362445413,98.41157205240175,0.34934497816593885,0.404585152838428,17.77292576419214,0.611353711790393,0.0,0.03056768558951965,0.225,0.0355,0.03,112.68125,0.4,0.46325000000000005,20.35,0.7,0.0,0.035
spice tea,recipe_1_person,32.75,70.0,52.38,3.57,1.32,29.0,10.56,422.0,0.0,0.0,0.0,22.925,17.15445,1.1691749999999999,0.4323,9.4975,3.4584,138.205,0.0,0.0,0.0
tzatziki,recipe_1_person,87.5,89.0,20.02,0.66,3.67,29.0,9.22,58.0,7.0,0.0,0.7,77.875,17.5175,0.5775,3.21125,25.375,8.0675,50.75,6.125,0.0,0.6124999999999999
